	African	CelticEnglish	EastAsian	European	Hispanic	Israel	Muslim	SouthAsian
Michael Waterman	0.002903686	0.9678229	0.0047289846	0.019799294	0.0010424602	0.00019036626	0.0018882359	0.0016240637
Temple Smith	0.0025687611	0.9595877	0.0045124628	0.0024177476	0.0047326977	9.5790885e-05	0.0045405026	0.021544345
Janet Thornton	0.00017622087	0.99392337	0.00059045944	0.0017502102	0.0004149117	8.093213e-06	0.00066712056	0.0024696318
David Sankoff	0.00053863827	0.97890717	0.00056860835	0.007989188	0.008133513	0.0004931757	0.0021992447	0.0011704108
David Lipman	0.0015464604	0.7908961	0.0011184567	0.17258692	0.0051410925	0.026198579	0.0021152047	0.00039715442
David Haussler	9.9585275e-05	0.42113218	0.0025708056	0.5524033	0.015727805	0.00767083	0.0001551493	0.00024037455
Alfonso Valencia	0.0017455489	0.1578645	0.0018931243	0.08316528	0.75285953	0.000107375614	0.00043326983	0.0019314225
Gary Stormo	0.0009811807	0.94539785	0.025059747	0.017883152	0.007639589	5.6303128e-05	0.0013086714	0.0016735074
Chris Sander	0.002736099	0.88493186	0.0037382585	0.096318185	0.003187201	0.0006183227	0.0028448068	0.0056252424
Lawrence Hunter	0.013019114	0.95993817	0.008064309	0.007769962	0.003242352	1.9657682e-05	0.0037149703	0.0042313556
Russ Altman	0.0016771497	0.97301537	0.0014762676	0.010466254	0.003516201	0.00082131807	0.00528852	0.0037388916
Richard Durbin	7.942276e-05	0.8968557	0.0005300949	0.10093399	0.0007125826	2.8096209e-05	0.00041219316	0.00044794823
Philip Bourne	0.0018788592	0.9862613	0.00017233193	0.010587888	0.00030962177	0.000134343	0.0004550468	0.00020061557
Soren Brunak	0.00222658	0.18936387	0.010309573	0.7416394	0.03141579	0.0015088052	0.0055944994	0.017941426
Julio Collado-Vides	0.0016384904	0.039117206	0.00022427064	0.9197188	0.038953133	9.938215e-05	0.00014825632	0.0001005663
Michael Ashburner	0.00042142574	0.98558784	0.0019394616	0.0037693572	0.0011510282	0.00049708487	0.0013214973	0.0053122197
Martin Vingron	0.0009043635	0.32416755	0.0017887147	0.63637453	0.02831642	0.0006997506	0.0013203445	0.006428197
Gunnar von Heijne	5.2577718e-05	0.08487763	0.0019652257	0.91094023	0.00023962292	5.0290295e-05	0.0018314413	4.300236e-05
Ron Shamir	0.0011668808	0.0849124	0.009372383	0.035962716	0.0026766167	0.8418683	0.021253122	0.0027874843
Pavel Pevzner	0.00031211015	0.047591828	0.00086537545	0.93993515	0.0011961301	0.00014607953	0.008907048	0.0010463247
Jill Mesirov	0.00012640133	0.4342188	0.0006189178	0.2753968	0.0142663475	0.007743038	0.26739538	0.00023424054
Peter Karp	0.021208636	0.83054894	0.0009926296	0.13562845	0.004029512	0.0005126937	0.0055279993	0.0015512435
Bonnie Berger	0.0033065474	0.87474906	0.0049131927	0.096418284	0.008935933	0.0044396734	0.0036953732	0.003541955
Steven Salzberg	5.4015596e-05	0.9586587	0.0029281091	0.02258875	0.0052167065	0.008351544	0.0013884238	0.00081368716
Eugene W Myers	0.001140847	0.9873778	0.0024196676	0.0027417992	0.0011831895	4.3517288e-05	0.0005454396	0.004547598
Ruth Nussinov	0.0007016947	0.08610653	0.0022215692	0.6528615	0.0045739077	0.21484981	0.03797599	0.00070897286
Webb Miller	7.276062e-05	0.99647176	0.00042315366	0.00047571564	0.00045199535	5.2800488e-06	0.00036124952	0.0017381087
Satoru Miyano	0.0001828721	0.0067170104	0.9901338	0.002420508	0.00029268983	1.31884935e-05	4.825011e-05	0.00019158123
Minoru Kanehisa	0.0035359012	0.0015799388	0.99364567	0.0006188779	0.00027447578	2.3876348e-05	0.00012179811	0.00019948685
David Eisenberg	0.000264989	0.7359856	0.0023536447	0.12757626	0.0044368277	0.12753327	0.0013193984	0.0005300963
Pierre Baldi	0.0020831316	0.016906153	0.0006186099	0.9760133	0.0030652336	6.536889e-05	0.0011222798	0.00012585963
Andrej Sali	7.701037e-06	0.0012820604	0.0010551036	0.98072666	0.00068373483	0.0004096279	0.015737627	9.745944e-05
Nir Friedman	6.622403e-05	0.030422134	0.00036547144	0.0041164793	0.0006116098	0.9640973	0.0002015235	0.0001192857
Robert Gentleman	0.0074789687	0.8968179	0.0017051649	0.08721477	0.002599229	0.00039989298	0.0011306192	0.0026534698
Ewan Birney	0.00019286347	0.99077296	0.0016910254	0.0031690735	0.00065349956	7.647474e-05	0.0010664329	0.0023777108
Amos Bairoch	0.0045553306	0.058413364	0.0006044338	0.007378288	0.0038478787	0.9239552	0.0007004591	0.0005450277
Burkhard Rost	5.8931124e-05	0.08829245	0.00042476383	0.9098674	0.00039397783	7.810389e-05	0.0008152207	6.90691e-05
Michael Levitt	0.00021172044	0.9799453	0.00084964803	0.009397879	0.0006250374	0.0066012894	0.00088316185	0.0014860339
Desmond Higgins	0.0011523262	0.9885642	0.0010288497	0.002927223	0.002208562	2.795438e-06	0.00034349738	0.0037724078
Thomas Lengauer	0.0016552934	0.07306076	0.0005587182	0.9239091	0.00043395453	2.3955476e-05	0.00010280944	0.00025529246
Mark Gerstein	0.002500424	0.8232037	0.0033189582	0.07680434	0.0066207047	0.07152421	0.0062851897	0.009742476
Cyrus Chothia	0.04397588	0.09356453	0.82310766	0.017105537	0.0036823358	0.00026258331	0.00413514	0.014166294
Rolf Apweiler	0.0003100794	0.010096914	0.00022781505	0.98867375	0.00034507408	9.418815e-05	0.00022118149	3.0987292e-05
Shoshana Wodak	0.00046472062	0.04492013	0.011003483	0.010179864	0.000547972	0.9238025	0.0049457788	0.0041356436
Haim Wolfson	0.00093590067	0.35854474	0.002000349	0.045106005	0.006824952	0.5801845	0.006049303	0.00035427106
Lincoln Stein	0.0020952595	0.9647178	0.0026261723	0.0049857004	0.0038699363	0.001640232	0.0023273078	0.017737733
Sarah Teichmann	0.0007504652	0.20379946	0.0017867106	0.78499603	0.0050865705	0.002523143	0.00092185626	0.00013578111
Anna Tramontano	0.00014855791	0.1400714	0.0005035206	0.83760273	0.020724272	0.0003751466	0.0005411604	3.325385e-05
Aviv Regev	3.9658664e-07	0.00017978577	2.0586785e-06	0.00038537732	8.719986e-07	0.9993636	3.8333656e-05	2.95738e-05
Christine Orengo	0.1513862	0.1405376	0.001987886	0.6592848	0.044241745	0.00036378775	0.00060951716	0.0015884868
Michal Linial	0.0016568248	0.11057448	0.027004648	0.82002	0.02575942	0.0044390718	0.0024577922	0.008087809
Barry Honig	7.429629e-05	0.9887631	0.0010070178	0.00880039	0.00018411214	0.00015144306	0.000109757886	0.0009098749
Janet Kelso	0.0050614933	0.9445854	0.00492079	0.029877631	0.011300177	0.00022800801	0.0014181202	0.00260829
Dan Gusfield	7.7527446e-05	0.9945233	0.0008591984	0.00365917	0.0003384132	2.6396458e-05	0.0003566919	0.00015925054
Helen Berman	0.006186976	0.5336707	0.005548334	0.42239803	0.012211155	0.012967327	0.005618942	0.0013985505
Steven Brenner	0.00080336025	0.9634557	0.0025056694	0.02610429	0.0035075098	0.00060701946	0.0012173024	0.0017992349
Tandy Warnow	0.0019260193	0.9797434	0.0070881397	0.008409359	0.001073792	6.846935e-05	0.0005699569	0.0011209943
Olga Troyanskaya	0.00017359722	0.008323358	0.0009031233	0.9697692	0.010842669	0.00083660573	0.009048955	0.00010252203
William Noble	0.0011426652	0.95207304	0.0016917438	0.0057393177	0.01189989	0.00034154858	0.024247617	0.0028642383
Lior Pachter	0.0036709565	0.021446077	0.0019424517	0.018623315	0.0030669929	0.94997877	0.0006825788	0.00058884657
Anders Krogh	8.478098e-05	0.12207006	0.00052065216	0.87304294	0.0008762994	0.0021106391	0.0012804837	1.4035278e-05
Andrea Califano	0.0021094151	0.1669278	0.011185751	0.77799976	0.04049495	0.0001558345	0.0010648918	6.155071e-05
Alex Bateman	0.001554233	0.98561054	0.00026853263	0.009604953	0.0018514119	0.0004096003	0.00027148667	0.00042929652
Mike Steel	0.004790145	0.97053325	0.004583484	0.010292609	0.0027853616	3.3825527e-05	0.000988341	0.0059930487
Mona Singh	0.0061168983	0.12135091	0.021317113	0.035795525	0.0047164117	0.0006673632	0.0067920503	0.80324376
Bernard Moret	0.006056484	0.1303297	0.0028106475	0.8461196	0.012322689	0.0011439265	0.00075110374	0.00046589994
William Pearson	0.0012348195	0.9779846	0.001648529	0.00722539	0.0036308283	0.00015804346	0.0025443344	0.005573408
Hanah Margalit	0.0021799621	0.07198772	0.008825092	0.020072373	0.00410519	0.8626581	0.02666775	0.0035037666
Yves Moreau	0.00026917015	0.50724405	0.00079112715	0.48588547	0.0048367437	3.7467446e-05	0.00062331266	0.00031261396
Terry Gaasterland	0.0012258565	0.9590542	0.0021676659	0.030423908	0.0026762774	9.485481e-05	0.00051374355	0.0038434213
Patricia Babbit	0.0021506576	0.96000314	0.0019549679	0.029806674	0.0024015796	0.00078627473	0.001693435	0.0012032464
Vineet Bafna	0.0031923323	0.091744155	0.0053485297	0.025299078	0.00029304018	0.2523283	0.0054523223	0.61634225
Eleazar Eskin	0.021028083	0.64955103	0.0051979693	0.12682745	0.12686244	0.008522657	0.05196175	0.010048601
Shirley Liu	0.0004352142	0.46272027	0.5324589	0.002749453	0.0010597917	0.00014034737	0.00013694205	0.00029913272
Marie-France Sagot	0.020436967	0.017188033	0.00012253295	0.9610974	0.00061324	0.00023016597	0.0002283134	8.334223e-05
Serafim Batzoglou	8.1223516e-07	0.00091922085	8.340529e-06	0.9920814	0.000121384364	0.0019240795	0.004943837	8.274687e-07
Judith Blake	0.0015842619	0.980474	0.0024152643	0.008783302	0.0044935755	0.00023592233	0.00036418968	0.0016495342
Mark Borodovsky	0.0001327358	0.7966181	0.0016041815	0.052133176	0.0051959273	0.1345707	0.008798933	0.00094614766
Rita Casadio	0.0012610762	0.11804215	0.004951535	0.2696861	0.6046243	3.9269653e-05	0.00034093834	0.0010547041
Paul Flicek	0.000100335674	0.8931917	0.0014106645	0.10483816	9.0804155e-05	9.643406e-06	7.455042e-05	0.00028410213
Osamu Gotoh	0.00071384717	5.477799e-05	0.9991072	0.00011210745	1.4979461e-06	1.8859748e-07	1.0209908e-05	8.8441254e-08
Rafael Irizarry	0.0046729757	0.29850298	0.0056787077	0.038754426	0.63880295	0.007070991	0.003118502	0.0033985665
Laxmi Parida	1.6120146e-05	0.0033895152	0.00010008897	0.00012453317	0.00293934	2.7296988e-07	4.0306728e-05	0.9933897
Katherine S. Pollard	0.0016812194	0.9526343	0.004444502	0.025967184	0.0060201874	0.00016886964	0.0018019563	0.0072817113
Ben Raphael	0.030442832	0.5795206	0.031096281	0.110907875	0.007838116	0.23749685	0.0022390608	0.00045841158
Zhiping Weng	0.00010786162	0.022453703	0.9747814	0.002471346	0.00010101266	5.1902007e-06	8.587754e-06	7.089865e-05
Xuegong Zhang	7.94717e-06	0.01717211	0.9821278	0.0005553137	3.242731e-05	1.8844031e-07	1.5406879e-06	0.000102674625
Leroy Hood	0.0021944905	0.8274879	0.0025801994	0.1306829	0.009462085	0.0005911615	0.0063455314	0.020655733
Harold Morowitz	0.0029134394	0.81664795	0.0016689487	0.1556893	0.004825746	0.015396816	0.0020919237	0.0007657783
Bruce Buchanan	0.00065589574	0.98782957	0.003917078	0.0019563194	0.0017780473	5.283982e-05	0.0006122028	0.0031981433
Richard Roberts	0.0032776347	0.9706552	0.0053126477	0.014446604	0.0016292499	5.516693e-05	0.0013797192	0.0032437693
John Sulton	0.0034135364	0.97378707	0.0027995682	0.00772595	0.0025571072	8.0936836e-05	0.0039770217	0.005658795
Doug Brutlag	2.5291756e-05	0.9975382	0.00030758468	0.0007856432	0.00031504224	2.5409142e-06	0.00019669431	0.00082893966
Russell Doolittle	0.00011902909	0.99069726	0.0011195391	0.0019082215	0.0005450768	4.8223774e-05	0.00021046592	0.0053522754
Robert Waterston	0.001402501	0.9843485	0.0008989627	0.0106599275	0.00050972274	1.3463874e-05	0.0008806778	0.0012862778
Fotis C. Kafatos	0.0053188335	0.032864135	0.0005928342	0.9486899	0.009602495	0.00035848876	0.0024760624	9.7281874e-05
Richard Lathrop	0.098060206	0.817087	0.024919514	0.041745555	0.0027945223	0.00010423725	0.0054266355	0.009862409
Marcie McClure	0.00074835133	0.95912194	9.123108e-05	0.005422712	0.03377186	6.6050648e-06	0.00064914825	0.00018805558
Hans V. Westerhoff	0.0027408265	0.021194847	0.0012446658	0.970273	0.0028427525	0.00034980042	0.0007678474	0.00058617606
Robert Cedergren	9.575872e-05	0.26073578	0.0009237719	0.7343827	0.0026513473	0.00042423132	0.00040997466	0.00037643316
Manfred Eigen	3.698811e-05	0.0144767575	0.00032791894	0.98018986	0.004792162	2.6640088e-05	9.377839e-05	5.5846864e-05
Richard M. Karp	0.01457789	0.93652135	0.0017012045	0.03203619	0.0036603766	0.00055283715	0.007713763	0.0032363706
Anthony R. Kerlavage	0.0001995181	0.9865106	0.0014950129	0.0068759546	0.00017340221	9.108411e-05	0.00011719661	0.0045372187
Eugene V. Koonin	0.00076409953	0.53952265	0.009013737	0.43271658	0.013325762	0.0028622749	0.0007979146	0.0009970352
Robert J. Lipshutz	3.9557926e-05	0.7699591	0.00044710055	0.2286457	0.00041585244	0.00025210375	8.883463e-05	0.00015174519
Matthias Mann	8.480761e-05	0.0038127212	0.00020843848	0.99372804	0.0016898974	4.128678e-05	0.00038479752	5.004341e-05
Michael J. E. Sternberg	0.00013971224	0.96258557	0.0037070422	0.025627071	0.0027000033	0.0015038162	0.0007250779	0.0030116893
Gerald M. Edelman	0.0018319101	0.8221186	0.0039412025	0.10003741	0.014246883	0.04742975	0.0036656358	0.0067286217
J. Andrew McCammon	0.009430757	0.9572476	0.0031212007	0.010715942	0.0049688183	0.0005461084	0.008856779	0.0051128063
Eugene Myers	0.0069170357	0.97018415	0.0027786142	0.013372851	0.0024098956	0.0006632487	0.0011207297	0.0025533598
David B. Searls	0.007452396	0.9422122	0.004463264	0.04024148	0.0043477565	0.0005717343	0.00017467352	0.00053641
Harold A. Scheraga	0.0028433788	0.85138214	0.00419335	0.05454104	0.0809502	0.00088561693	0.00018333065	0.0050209607
Christopher M. Dobson	0.0017713065	0.984063	0.00091608	0.002833258	0.0012486057	7.7818026e-05	0.0013320282	0.0077578686
Gunnar von Jeijne	7.4888325e-05	0.04154661	0.00068347045	0.9525765	0.00029533074	2.6415915e-05	0.004762258	3.4360153e-05
Sean Eddy	0.004769602	0.9732559	0.0024934863	0.013815127	0.002152536	0.001004806	0.0006651852	0.0018433225
Bernardo Huberman	0.00062646664	0.16643932	0.0030333495	0.38129863	0.4448875	0.0014883869	0.0012875627	0.0009389077
Chris Burge	0.026095465	0.9142309	0.0026544274	0.044193435	0.004036438	8.0920225e-05	0.0024180517	0.006290398
Stephen Altschul	0.00025734396	0.82200325	0.0028949734	0.027219344	0.001225228	0.13803495	0.005036019	0.0033288733
Ford Doolittle	0.00015833156	0.99134773	0.0013884206	0.0041659074	0.00032133234	2.533428e-05	0.0001721171	0.002420862
David Baker	0.0046996335	0.94879365	0.0038691878	0.024099296	0.0040936354	0.008469976	0.0035835176	0.0023911053
John Reinitz	0.0013200679	0.8159689	0.0035385927	0.16468486	0.005789375	0.0050084544	0.001981587	0.0017081848
Isidore Rigoutsos	0.0009945369	0.03224903	0.00020913912	0.9579618	0.008508939	2.0292458e-05	4.9970622e-05	6.2564363e-06
Sydney Brenner	0.006348539	0.96285945	0.0040170616	0.010510463	0.006068631	0.0003201549	0.0038423133	0.006033381
Yoshihide Hayashizaki	0.00019582245	0.0047527147	0.99219924	0.0010464741	0.00017268865	1.3321831e-05	0.0015763622	4.338311e-05
W. James Kent	0.002234973	0.99007696	0.0016345487	0.0029844844	0.00071492157	7.361156e-05	0.00031715195	0.001963255
John Mattick	0.003657897	0.97501796	0.0036130873	0.0052752947	0.0017352506	2.8105187e-05	0.002451266	0.008221107
Uri Alon	4.410711e-05	0.005359592	0.00011126832	0.00083024247	0.00020845169	0.9932822	5.0565966e-05	0.00011342318
Eric Green	0.0031324457	0.9713064	0.0027893928	0.018194178	0.0026966105	0.00013407491	0.00034777678	0.0013990933
Denis Noble	0.0019033984	0.36810338	0.0014403976	0.57622117	0.014609947	0.00026120478	0.036103293	0.00135718
Svante Paabo	0.0024417732	0.004597267	0.002169612	0.98527366	0.0032861938	0.00012560865	0.002098395	7.3430037e-06
Howard Cash	0.0012511107	0.97689223	0.0077280737	0.0040226346	0.0030286585	0.00016574272	0.0016377325	0.005273842
Peter J Hunter	0.00064323144	0.98668295	0.001147863	0.008272503	0.0008617289	1.0081022e-05	0.00090494467	0.001476588
Robert Huber	0.00026611733	0.4760454	0.0007653154	0.5139322	0.0028843118	0.002856952	0.0027993885	0.000450324
Tom Blundell	0.0006867544	0.9011137	0.001966064	0.08789023	0.00596317	0.0012367346	0.0005221511	0.000621173
Kurt Wuthrich	0.0005790307	0.53951454	0.029804043	0.4210576	0.0037469396	0.00037899285	0.002869376	0.0020494717
Mathieu Blanchette	0.003424614	0.09048779	0.00183309	0.89911413	0.003244014	0.000115847775	0.0004879337	0.0012926237
Elana Conti	0.0070453095	0.43553925	0.020389838	0.2659442	0.23839936	0.025537718	0.0051481435	0.0019961377
Charles DeLisi	0.024224443	0.8646417	0.0011370161	0.094063096	0.00708925	0.0004498762	0.00068356073	0.0077109775
Eran Segal	9.4896444e-05	0.011132648	0.0001515595	0.0021148138	0.00058203406	0.98524183	0.00016419153	0.00051809184
Stephen Burley	0.0025412664	0.9750473	0.0040256926	0.008133135	0.0038123564	6.590695e-05	0.0013373857	0.005036936
Michael Eisen	0.00275599	0.5103048	0.0018968234	0.4607211	0.0012792537	0.019480467	0.0024763115	0.0010852672
Anne-Claude Gavin	0.0017848666	0.14736794	0.0012540768	0.8431294	0.0035547477	0.00029739647	0.002233082	0.00037853068
Erin O'Shea	2.955006e-05	0.9980806	0.00033872202	0.00058966945	0.00070840446	4.094163e-06	0.00013691449	0.00011203157
Renee Schroeder	0.00012859287	0.974879	0.00929749	0.009667455	0.00032549776	2.3196757e-05	0.00018960748	0.0054889945
Terry Speed	0.0002150297	0.9809652	0.0048759915	0.0011003752	0.0005336643	7.711904e-05	0.0035922837	0.008640342
Claire M. Fraser-Liggett	0.0006683738	0.9946161	0.00074984535	0.0014553491	0.0002503991	1.7560385e-05	0.0012037919	0.0010386413
David Jaffe	0.001269813	0.9554839	0.0006754315	0.025282847	0.007078154	0.0011837957	0.0033633593	0.005662612
Morag Park	0.0038284957	0.16947293	0.31971613	0.2506067	0.058987953	0.013292367	0.04322705	0.14086841
Bernhard O. Palsson	0.0002048517	0.005991745	7.387036e-05	0.9934649	0.0001750309	5.6178606e-06	1.9706702e-05	6.4259424e-05
Trey Ideker	0.0022400839	0.9755406	0.0038253025	0.014020581	0.0008156319	0.00012739643	0.0007621404	0.0026683097
Pierre-Henri Gouyon	0.006104731	0.0073546683	0.0005791814	0.98400766	0.00063409004	2.3323199e-05	0.0012881036	8.249553e-06
Daphne Koller	0.0010855298	0.2345657	0.0037481955	0.38544843	0.0037159228	0.36857945	0.0011571737	0.0016996339
Eugenia Maria del Pino Veintimilla	0.0009651845	0.02666787	0.0005687904	0.08957263	0.8802587	2.3432753e-05	0.0018338984	0.000109471825
Thomaso Poggio	0.0009584742	0.04931112	0.00023813029	0.9372392	0.010620822	8.88474e-06	0.00011165222	0.0015116835
Mathias Uhlen	3.16403e-06	7.165177e-05	8.029276e-06	0.9997024	0.00018615424	3.2087298e-06	2.501626e-05	3.2397443e-07
Susan Lindquist	0.0004732135	0.5892662	0.0008764119	0.40760085	0.00077679125	1.5188736e-05	0.00037536098	0.0006159202
David Altshuler	0.00043286223	0.22374763	0.0013762672	0.011926849	0.0034162863	0.7559605	0.0013727942	0.0017667871
George Church	0.010629716	0.7630647	0.0055887406	0.20147918	0.006440342	0.00037105812	0.0068386714	0.0055876537
Robert Weinberg	0.00046793497	0.5738965	0.0061522713	0.3977823	0.00225707	0.018055944	0.0011151675	0.0002727468
Luis Serrano	0.00017262108	0.10834359	0.00051720307	0.076437764	0.8138754	6.0472732e-05	0.00038230568	0.00021071901
Ziv Bar-Joseph	0.046897124	0.3575064	0.0058934474	0.0334866	0.0088622365	0.5072791	0.011400159	0.028674863
Barbara Wold	0.004789318	0.5133457	0.005394747	0.46188194	0.005128133	0.0021757819	0.0065342085	0.0007501255
Goncalo Abecasis	0.0006114761	0.05995273	0.0028068423	0.02933435	0.90530413	0.0005311355	0.00071755797	0.0007417527
Gil Ast	0.0038608923	0.69108045	0.025987698	0.25216028	0.0047376743	0.013482603	0.006905896	0.0017845443
Carole Goble	0.06874356	0.43862987	0.003238405	0.45204884	0.020121848	0.00028309878	0.012201646	0.004732737
Isaac (Zak) Kohane	0.398979	0.22526802	0.013452294	0.036508173	0.044696856	0.030404564	0.16029163	0.09039942
Dana Pe'er	0.005081117	0.1477441	0.003949071	0.13835081	0.047380194	0.6527346	0.0024928814	0.0022672652
Robert Langer	0.0050517055	0.5582697	0.0016434578	0.42487893	0.0037082282	0.0032272106	0.0025679558	0.0006528399
Curtis Huttenhower	0.00082718226	0.98694813	0.001150436	0.003311916	0.0011589637	0.00063784234	0.0007920351	0.005173645
Eileen Furlong	0.0044818963	0.90328175	0.011080598	0.07694078	0.0017609099	0.0005331327	0.00014921499	0.00177172
Kenneth Wolfe	0.0039388123	0.903365	0.0034597581	0.08124123	0.002422886	0.000500202	0.0028449926	0.0022270468
Debora Marks	0.001209584	0.8897886	0.0035799642	0.05912729	0.03962914	0.00034008923	0.000999553	0.005325777
Sandrine Dudoit	0.013514386	0.39351702	6.6802495e-05	0.5244834	0.06836948	5.623159e-06	1.6736816e-05	2.657278e-05
James Sharpe	0.0022906968	0.9857611	0.0015604139	0.005849301	0.0010460754	0.0002803029	0.0018528951	0.0013592407
Christoph Bock	0.0011432407	0.006040063	0.00015061922	0.99243355	8.850403e-05	8.638209e-06	0.00012530516	1.00221805e-05
Cole Trapnell	0.000143988	0.99613154	0.0010126726	0.0017322663	0.00022997567	8.583955e-07	0.00015166754	0.0005971382
Martha L. Bulyk	0.0023103727	0.83327806	0.011676101	0.14516081	0.0048205648	3.5893907e-05	0.0007986529	0.0019195941
M. Madan Babu	0.005753687	0.03710093	0.03335859	0.0091390945	0.000746342	0.000104661136	0.0071051675	0.9066915
Nikolaus Rajewsky	3.3454267e-05	0.037929144	0.0005026707	0.9539165	0.003838552	0.0017212656	0.0016438189	0.00041465252
Alexis Battle	0.00014733322	0.98630476	0.00020439786	0.011362999	0.0007457543	2.4856745e-05	0.000117251635	0.001092771
Christophe Dessimoz	0.018308556	0.030828793	0.0024007126	0.93964106	0.004599205	0.00042896174	0.003600233	0.00019252968
Xiaole Shirley Liu	0.0002883668	0.5467611	0.44912335	0.0026106	0.00094660773	1.580904e-05	0.000114543145	0.00013963603
Elaine Mardis	0.007647169	0.8177968	0.005363191	0.1414509	0.008064121	0.00080993894	0.00921346	0.009654375
Jian Peng	5.0864634e-05	0.01818326	0.97997415	0.0015063336	0.00026568052	1.1132521e-06	1.0988767e-05	7.642377e-06
Steven L. Salzberg	3.2901204e-05	0.9748594	0.0023860822	0.008690102	0.0045000003	0.0074545452	0.0010416404	0.0010352952
David Weininger	0.0024893605	0.79183656	0.010615034	0.12856816	0.01009955	0.05117381	0.0035430316	0.0016744796
Irwin Kuntz	0.00029201995	0.9694983	0.005061147	0.010724257	0.0027187255	0.0001701373	0.0023903963	0.0091450615
Gregory Petsko	0.0005403189	0.91914904	0.0020021023	0.06678876	0.002435953	0.0035590585	0.004330802	0.0011939489
Wah Chiu	0.0011395662	0.053968478	0.93920213	0.002059259	0.0027375994	0.000399798	0.00015878059	0.0003344843
David Botstein	0.007294102	0.49694422	0.0027640308	0.4234044	0.014415861	0.041278113	0.007608806	0.00629053
Rebecca Eisenberg	7.097294e-05	0.69005775	0.0025777903	0.2968604	0.004520406	0.0045943824	0.0009687206	0.00034953514
Marvin Cassman	0.007563263	0.7571361	0.0114309685	0.19813034	0.01585606	0.0023863078	0.005849573	0.0016473347
Latanya Sweeney	0.0025155463	0.917968	0.034901377	0.009405582	0.0018671895	0.00029988127	0.0015843443	0.031458106
Henry Greely	0.009168632	0.9593679	0.0063274	0.0076561617	0.0040577394	0.0015134838	0.0022860358	0.009622629
Deborah Nickerson	0.0017557412	0.9658097	0.0023724828	0.012603502	0.0048348103	0.0003241773	0.0018350801	0.010464431
Arti Rai	0.0011913029	0.110897414	0.105807595	0.064741045	0.00274654	0.00023709067	0.0028022337	0.7115767
Eric Meslin	0.0013654615	0.7720577	0.001689886	0.21787997	0.0043808613	0.00047097282	0.0019323683	0.00022275382
Elizabeth Blackburn	1.637502e-06	0.9991234	8.599012e-05	0.00016151064	0.0003329004	1.5769253e-06	1.7863309e-05	0.00027511537
Marc Rotenberg	0.0003637703	0.04651027	0.00055081927	0.942095	0.0044469633	0.005165499	0.0008358649	3.1802756e-05
John Dupre	0.00086900627	0.96181387	0.0011874584	0.031533215	0.0015226314	4.3873828e-05	0.0004372679	0.0025926607
Andrew McCulloch	0.0004323102	0.9943922	0.00022276418	0.0014320872	0.00043025942	3.3750923e-05	0.0012048836	0.0018517259
Greg Hampikian	0.0002857151	0.9630016	0.00023658779	0.008830491	0.0003083289	0.00019756058	0.020685455	0.006454244
Drew Endy	0.077080645	0.7991263	0.06273289	0.05256598	0.0035555596	0.0001922394	0.0023260913	0.002420273
Stanley Nelson	0.0059096897	0.9475738	0.00279708	0.03496636	0.0029647453	0.001866694	0.0006399676	0.0032818022
Isaac Kohane	0.5148885	0.3434367	0.004498881	0.071158655	0.04885861	0.008377662	0.0033359907	0.005444944
Vijay Pande	0.00557942	0.06185066	0.0065541654	0.00079934875	0.00060195127	8.123866e-06	0.0010868012	0.92351943
Ellen Wright Clayton	0.0036710743	0.94034994	0.010256797	0.012029782	0.013404228	0.00010813517	0.0032579047	0.01692211
James Heywood	0.00028005132	0.99786454	0.00016342416	0.0003215106	0.0002293888	1.4968516e-05	0.0006498146	0.00047637717
David Ewing Duncan	0.0044595785	0.9759613	0.0035348036	0.0048617716	0.0052530146	7.4178846e-05	0.0027169578	0.003138358
Dan Roden	0.002623469	0.8743639	0.0072419625	0.072804056	0.016958814	0.021641476	0.00195627	0.0024100507
Atul Butte	0.11176275	0.2932086	0.018878633	0.032249317	0.005995419	0.0006745734	0.098215714	0.4390151
Douglas Fridsma	0.00019257037	0.97576433	0.00088699703	0.009130076	0.011334408	0.00035222815	0.00026338926	0.0020760256
Lucila Ohno-Machado	0.0024436046	0.04136027	0.01576542	0.01992443	0.92010635	4.7330564e-06	0.00023921384	0.00015596449
Winter Mason	0.011338347	0.8251801	0.004500977	0.07307988	0.020704595	0.013471819	0.046602827	0.0051214662
Nancy Cox	0.0013470477	0.98149145	0.0041202977	0.008472296	0.0009509997	0.00016158124	0.0009782077	0.0024780869
David Magnus	0.0026041372	0.5841623	0.0040788683	0.32522902	0.07918073	0.0030590156	0.001258988	0.00042692982
Neil Risch	0.0027342814	0.5851183	0.1475982	0.22822654	0.016459921	0.011285061	0.002562359	0.0060153734
Carlos Bustamante	0.0016481277	0.100519866	0.001865699	0.031797502	0.86040306	0.0001651349	0.0014058397	0.0021948018
Jennifer Wagner	0.00067296077	0.92256415	0.0013277917	0.0681502	0.0029576055	0.0014892844	0.00031512562	0.0025229282
Ifeoma Ajunwa	0.9753788	0.017932845	0.0006899747	0.001121946	0.002214171	3.9166745e-05	0.0010110827	0.0016118848
Sam Karlin	0.0053856736	0.8167785	0.0052061877	0.077268116	0.009745101	0.014347532	0.062038876	0.0092301285
Martin Karplus	1.8247258e-05	0.9744674	6.708212e-05	0.025400773	2.550549e-05	1.13773716e-07	1.2184867e-05	8.731108e-06
Eric Lander	0.0015447713	0.7777112	0.0026913297	0.21265945	0.0031121932	0.00063311367	0.0007816569	0.0008661862
Robert Lipshutz	3.8227987e-05	0.64704597	0.00050847913	0.35100558	0.0005185456	0.00070906524	7.603906e-05	9.8043376e-05
Jonathan King	0.0031774878	0.9544094	0.0068543013	0.021217458	0.006274939	0.00026615057	0.000919822	0.00688039
Ruben Abagyan	0.016075026	0.0023020145	0.0005022481	0.9733795	0.005747059	0.0003238715	0.0016536327	1.6650622e-05
Charles Cantor	0.009252905	0.86215806	0.0051304284	0.10461835	0.0118408995	0.0004192998	0.0027372253	0.0038428137
David Cox	0.0013342141	0.9868465	0.0013651098	0.0042397073	0.0013405901	0.00056890945	0.0013074769	0.0029974475
Ron Davis	0.0058871205	0.9619259	0.003557597	0.011545456	0.002138349	0.0038553746	0.004455259	0.0066349627
Klaus Gubernator	0.00020746727	0.0023938233	0.00027439484	0.99671954	0.00029899547	1.4952823e-05	8.016897e-05	1.0616931e-05
Joshua Lederberg	0.00049855653	0.7518979	0.006813599	0.21168834	0.011520339	0.012833833	0.0022905362	0.0024568357
David Schwartz	0.00028487225	0.8711702	0.0016631308	0.08877482	0.0032285876	0.032192778	0.0010302955	0.0016552523
John Yates	0.0037675416	0.98829556	0.0035379196	0.0020904217	0.0010151328	4.924395e-06	0.00026263867	0.001025926
Peer Bork	0.0004314059	0.010456216	0.0013723813	0.9823568	0.0007333641	0.00011709165	0.0040070154	0.0005257502
John Moult	0.003188624	0.9177136	0.00086490373	0.075772315	0.0003555561	3.5276695e-05	0.0013596851	0.0007100446
Pitor Slonimsky	0.00055783073	0.473844	0.0010098221	0.43293738	0.04688571	0.035161223	0.009270073	0.0003340041
Ed Southern	0.0010084225	0.9664451	0.006017522	0.015163167	0.0032008702	0.00072273536	0.0016652355	0.005777052
Peter Willett	0.003713732	0.97427034	0.0016939145	0.014548149	0.0019088234	0.00032710834	0.0014359595	0.0021020058
John Wooley	0.0037529669	0.97851735	0.0028877726	0.0047104773	0.0044999924	2.7478982e-05	0.001439872	0.004164056
Eric Davidson	0.0034010522	0.94632745	0.0024534338	0.042942356	0.0019317813	0.00027979692	0.00025968405	0.0024045086
Walter Gilbert	0.002071019	0.9107107	0.0029396783	0.061906617	0.0138146505	0.0022961702	0.0018577991	0.004403342
Takashi Gojobori	0.004497692	0.011573617	0.96901804	0.008312301	0.0006238079	0.00012024665	3.197006e-05	0.0058223144
Hans Lehrach	0.00027569436	0.01604228	0.0023092576	0.9748609	0.0042362483	0.0004910515	0.0012729304	0.0005117294
Yvonne Martin	0.007035974	0.39009044	0.0021212462	0.57322836	0.023436217	0.0004095102	0.0016689072	0.0020093834
Yusuke Nakamura	1.1235098e-05	0.008835312	0.9909368	0.00018997709	2.4104507e-05	1.8797115e-07	8.588634e-07	1.6051466e-06
Phillip Sharp	0.0061670584	0.96794564	0.0019474663	0.010302071	0.0030720918	0.00023012317	0.0059812292	0.0043544658
Mark Adams	0.0042305854	0.9782176	0.0021694438	0.0068972562	0.003226576	0.0001460459	0.001996935	0.003115549
Roger Brent	0.0048004384	0.91254395	0.0010284885	0.0631263	0.013563037	0.00058047567	0.0018486734	0.002508534
Franz Lang	0.00055371656	0.03718297	0.0035092	0.95302975	0.0052963113	2.821479e-05	0.0003285484	7.131691e-05
Klaus Lindpaintner	2.7937988e-06	0.0004693839	6.6289416e-05	0.99934083	6.333094e-05	5.5626642e-06	4.2628777e-05	9.143442e-06
Mark Ptashne	0.00094601506	0.8677526	0.0032402328	0.11627823	0.0034466484	0.00013432761	0.0044156094	0.0037862079
Matthias Wilm	0.0003160919	0.00564675	0.0025012929	0.99009985	0.00080370775	1.2618595e-05	0.00058078126	3.8929884e-05
Ali H. Brivanlou	0.0069531365	0.0788607	0.0002085159	0.00984735	0.0014742633	0.00026250535	0.900861	0.0015324096
Evan Eichler	0.0022203245	0.53182626	0.0026562759	0.44819415	0.0050848415	0.0044454434	0.00396888	0.0016037897
"Harold ""Skip"" Garner"	0.0010227271	0.9743192	0.0022130231	0.0043549696	0.0048708576	0.00011564832	0.0023826733	0.010720839
David Ho	0.013991016	0.35671592	0.36053482	0.17276895	0.0725535	0.008257034	0.0062988154	0.008880035
Gerry Rubin	0.0009794524	0.9809682	0.0029255338	0.00608741	0.0009433815	0.00030468384	0.002487306	0.0053040697
J. Craig Venter	0.0011274972	0.9833292	0.001195598	0.007106941	0.0018625797	1.4893099e-05	0.0017605472	0.0036027697
Marc Vidal	0.00047086048	0.22083661	0.00097600947	0.68248403	0.0848007	0.0064942846	0.0017518387	0.0021857186
Edward Trifonov	0.00043137016	0.197727	0.0032572364	0.58304745	0.0022961649	0.015366516	0.19688022	0.0009941057
Christiane Nüsslein-Volhard	5.6776953e-06	0.0002511112	0.00024981418	0.9990639	0.00033259278	2.1734588e-05	7.372341e-05	1.3718733e-06
Árpád Furka	4.864328e-07	2.0040343e-05	7.127545e-05	0.99984944	2.5646952e-05	9.302141e-06	2.3731838e-05	1.0983106e-07
Andrew Clark	0.0016453386	0.9877494	0.0017810586	0.0052989996	0.0018937406	2.0827907e-05	0.0007422695	0.0008683507
Arthur Lesk	0.0010203958	0.37547326	0.0058614514	0.5936384	0.008572141	0.005304787	0.005936259	0.0041933567
Dieter Oesterhelt	0.0045635123	0.0019133782	0.00019596411	0.9923954	0.00083297293	6.5337567e-06	7.224547e-05	1.9971512e-05
Kari Stefansson	0.00028625355	0.019156162	0.0005171596	0.9785615	0.0011218989	4.3179014e-05	0.00020977638	0.00010407874
Richard Karp	0.014056599	0.92279196	0.0013671453	0.049617548	0.00404578	0.00034435763	0.005512539	0.0022641069
Elizabeth Winzeler	0.0005661831	0.9072314	0.0049736737	0.07219066	0.007904038	0.0019548477	0.0019050674	0.003274233
William McGinnis	0.001227923	0.9661763	0.0033210726	0.018922932	0.0030830116	0.00026796514	0.001980355	0.0050204163
Martin Nowak	7.5018697e-06	0.007571709	0.00023907046	0.99186933	0.00024707068	1.1084057e-06	5.6977922e-05	7.2005246e-06
Andrew Fire	0.015999729	0.94310904	0.0011418554	0.03128008	0.004525432	7.766426e-05	0.002109058	0.0017571074
Wolfgang Baumeister	0.00045882026	0.002841676	0.0006512956	0.9946471	0.00047735678	0.00019124403	0.00067501765	5.7527224e-05
James Collins	0.008064011	0.9753361	0.0016386244	0.00742697	0.003741365	8.421239e-06	0.00079931336	0.0029853263
Michael Levine	0.0015641603	0.9288464	0.005171096	0.038888376	0.006564784	0.009004147	0.004044014	0.0059169778
Ajay K. Royyuru	0.0072867414	0.13087697	0.0043785814	0.0012115971	0.0009717096	5.2335954e-06	0.0021171628	0.85315204
Carl Zimmer	0.00052871456	0.9196221	0.0035683624	0.06738496	0.0030776216	0.002472692	0.00082595117	0.0025196874
Roman A. Zubarev	5.101757e-05	0.01673014	0.0010272162	0.9672815	0.0039692116	0.005070489	0.005847253	2.3099912e-05
Patrick Brown	0.0053308783	0.9669416	0.0032649252	0.01257002	0.0049735783	7.65872e-05	0.002347538	0.004494925
Abby Dernburg	0.0005809989	0.97753215	0.00244793	0.010409487	0.0022618023	2.7353186e-05	0.0016987389	0.0050414167
Jennifer Marshall Graves	0.0006280402	0.9816026	0.00053587824	0.0008450237	0.0075324513	5.7396455e-06	0.00040166176	0.008448686
Yishi Jin	1.2616817e-05	0.0056151943	0.9934616	0.0001376281	0.00016140364	0.00027071842	1.5878672e-05	0.00032506665
Jay Keasling	0.0003904083	0.9804536	0.011521	0.0027614033	0.0012515801	1.4509543e-05	0.00040550632	0.0032020516
Harry Noller	0.0046202634	0.9318798	0.0044556246	0.045657944	0.0049645063	0.0008611918	0.0016854982	0.0058751595
Edison Liu	0.0053274794	0.17452459	0.7483546	0.041555416	0.028967205	0.00018064237	0.00061761047	0.00047240886
Sang Yup Lee	3.597542e-05	0.007688239	0.98598564	0.0049986956	0.00095504633	5.438198e-06	3.7222468e-05	0.0002937504
Andrei Lupas	0.0037358745	0.08383003	0.01859827	0.833125	0.058860783	6.917685e-05	0.00040270234	0.0013781774
Howard Cedar	0.0071298336	0.80793685	0.018413883	0.11214298	0.010505794	0.0064034346	0.024117053	0.013350181
Vivian Cheung	0.0004335346	0.22562656	0.729156	0.042957243	0.0013250922	0.00012245419	0.00025516923	0.00012391867
Suzanne Cory	0.0019565928	0.93988985	0.0015471024	0.045106933	0.0090787485	0.00032188016	0.0008629438	0.0012360386
Rade Drmanac	1.8133558e-05	0.013029848	6.736862e-05	0.9861665	0.00035011146	7.228556e-05	0.00028665827	9.209898e-06
Eran Halperin	0.0012274481	0.0935515	0.003094048	0.042988773	0.0056334794	0.8484288	0.0026154998	0.0024604392
Michael Hammer	0.0052776802	0.31545094	0.002732846	0.65129614	0.004624992	0.011986731	0.0056088394	0.003021878
Joanna Mountain	0.0057581635	0.57499516	0.0013974421	0.4039873	0.0071968734	0.00016150638	0.0043466035	0.0021570781
Stephen Quake	0.006133893	0.9527847	0.033666793	0.0031183797	0.0021470708	0.00013178155	0.0009280982	0.0010892942
Mostafa Ronaghi	0.00015500917	0.0017202361	0.00018110246	0.014080996	0.0002862454	0.0012802003	0.98210686	0.00018926416
Pardis Sabeti	0.010108164	0.1933746	0.10176258	0.19174024	0.021003218	0.0013019294	0.44211763	0.038591616
Michael Snyder	0.0019299864	0.9828772	0.004141676	0.0011929726	0.0008207113	0.00011370648	0.001351806	0.007572026
Cecilia Arraiano	0.0002168653	0.052472282	0.0008136984	0.08677315	0.8593988	2.6016083e-05	0.00019163976	0.00010753256
David Bartel	0.006168501	0.63943034	0.0014486898	0.29080957	0.056700505	0.0022504479	0.0013437828	0.0018482099
Phil Kapranov	0.0011200208	0.3237911	0.0033715651	0.37099034	0.0014142412	0.17920572	0.11575015	0.0043567736
Norbert Perrimon	0.003947554	0.046870504	0.0019171524	0.9323171	0.011176516	0.00085058965	0.0023545593	0.0005660268
Marco Marra	0.0006061709	0.032906026	0.0005624836	0.82002336	0.1432828	0.0002474681	0.0020325843	0.00033898285
Joe Nadeau	0.00019618272	0.95166993	0.0027806193	0.033311456	0.0043005226	0.00012198212	0.004475255	0.0031440558
Karen Nelson	0.0020394241	0.96525437	0.0029558858	0.01924227	0.0033875408	0.0013163468	0.0014446367	0.0043595056
Jun Wang	7.513268e-05	0.16853543	0.8244066	0.0042565363	0.0024939692	1.9665351e-06	1.5419026e-05	0.00021498435
Thomas Gingeras	0.000859982	0.32082683	0.00049128034	0.6676671	0.008851455	0.0001581635	0.00069198996	0.00045317694
Ada Yonath	0.06875568	0.340908	0.055756353	0.17469203	0.049215477	0.18453917	0.10121068	0.024922565
Chung-I Wu	9.57345e-06	0.007650847	0.9920947	0.00022428096	1.5060405e-05	1.5063635e-07	1.0779431e-06	4.396035e-06
Scott Fraser	0.0008670659	0.98823416	0.0015000384	0.004231517	0.001487203	4.7358593e-05	0.0007036703	0.0029290058
Nadia Rosenthal	0.0026612352	0.58524764	0.006542509	0.28337336	0.09155971	0.011046975	0.00288984	0.016678784
Xiaoliang Sunney Xie	5.639328e-05	0.021069698	0.9763569	0.0019532528	0.00051704695	1.0196264e-06	3.6388163e-05	9.168914e-06
Ian Baldwin	6.647419e-05	0.9962185	0.00076906284	0.00053514517	0.001377396	6.905919e-06	5.249842e-05	0.00097406906
Tom Mitchell	0.00085466146	0.98252386	0.0021896095	0.010159961	0.0026375824	0.00015187236	0.00056371815	0.0009185975
Sarah Tishkoff	0.00032240522	0.8681625	0.0017511485	0.06388312	0.0058281417	0.0416237	0.01470186	0.003727079
Magda Konarska	0.0010588985	0.0393199	0.0012211726	0.95632136	0.001672485	3.6738198e-05	0.00030403712	6.543398e-05
Bas van Steensel	0.004453837	0.8111717	0.008015695	0.16711947	0.0031327559	0.00015069477	0.0003560727	0.0055998503
Waclaw Szybalski	0.00035686715	0.011206777	0.00078124553	0.98584425	0.0009403896	0.0006559101	0.00021168556	2.9811847e-06
Peter Kim	0.023707425	0.28492218	0.62814593	0.043929603	0.009242609	0.0019588082	0.0030638445	0.0050296546
Rob Knight	0.00045421463	0.98915184	0.0022267029	0.0031288145	0.0019488544	7.2534815e-05	0.0004009619	0.0026160942
Leonid Kruglyak	0.0014530858	0.24015601	0.0025436722	0.7181531	0.024572736	0.0019581201	0.0009216673	0.010241531
Phil Bradley	0.0005135856	0.9937596	0.0009238512	0.0012798453	0.0005637448	1.7032444e-05	0.00068343943	0.0022588114
Teresa Przytycka	7.019588e-06	0.001961019	2.9670824e-05	0.9968274	0.001163695	3.8841986e-07	2.0275168e-06	8.725727e-06
Karen Adelman	0.0013119901	0.9105627	0.006529909	0.04054797	0.009151082	0.021340718	0.0063479557	0.004207643
Colin Collins	0.0034496144	0.98134816	0.0011579012	0.0059621367	0.0029672903	4.3701093e-06	0.00046272628	0.004647868
Joe Gray	0.00079306314	0.98291254	0.0061675115	0.007256159	0.0020340653	2.2215843e-05	0.00016710626	0.00064734346
Michael Schnall-Levin	0.0003494145	0.9656633	0.003317322	0.013054842	0.0019273815	0.0076480675	0.0033925588	0.004647178
Peter Campbell	0.0010118493	0.9858883	0.0005233464	0.007993836	0.0021965445	0.000112101254	0.000559949	0.0017140381
Nevan Krogan	0.00013195575	0.7416569	0.00022341378	0.2143264	0.0020658565	0.0360423	0.005478004	7.521086e-05
Francois Spitz	0.0064546764	0.110359706	0.0030311835	0.86727345	0.007119431	0.0022646056	0.0021997455	0.001297173
Rachel Kolodny	0.0009831198	0.20390196	0.03189552	0.31864828	0.002038282	0.039071456	0.15911601	0.24434537
Mihai Pop	0.00037551898	0.013301444	0.01624315	0.96210366	0.001158191	0.0008713743	0.0048190383	0.001127683
Franziska Michor	0.0007915459	0.007923337	0.00079486944	0.9857062	0.00424952	2.1758784e-05	0.00031903363	0.00019371841
Eytan Ruppin	0.0010154677	0.019907031	0.002016156	0.009635798	0.0007114566	0.9655434	0.0002035624	0.00096714543
