	African	CelticEnglish	EastAsian	European	Greek	Hispanic	Jewish	Muslim	Nordic	SouthAsian
Michael Waterman	0.03252443	0.7977143	0.015114685	0.10266817	0.0009445896	0.0027370416	0.006560279	0.011567892	0.0065686363	0.023600068
Temple Smith	0.021537552	0.9604579	0.0023740113	0.006287631	0.00015880066	0.001319033	5.342669e-05	0.0037140106	0.0003000193	0.0037976648
Janet Thornton	0.0065172757	0.97745204	0.0034526596	0.0054331403	8.7550565e-05	0.0009089643	1.9352708e-05	0.0009839211	0.0010190281	0.004125998
David Sankoff	0.03324155	0.80246973	0.006820296	0.061937418	0.0009333216	0.020805469	0.013234103	0.0033758068	0.033964153	0.023218147
David Lipman	0.055804566	0.7729551	0.003929905	0.12865096	0.0008745157	0.0049038907	0.01812266	0.0039902544	0.00839295	0.0023751983
David Haussler	0.0060906354	0.033733904	0.0010322559	0.8598967	0.00024709053	0.019963864	0.00087744667	0.00024284274	0.07740952	0.0005057452
Alfonso Valencia	0.00096819433	0.0005118603	0.00021363779	0.05881745	0.00010169452	0.9369638	1.5556605e-05	3.971533e-05	0.0021013448	0.00026667237
Gary Stormo	0.019937785	0.90842193	0.003909836	0.04940978	0.0011917823	0.0052744644	0.0011621496	0.00047461034	0.004853407	0.0053642355
Chris Sander	0.038694523	0.33007342	0.027288117	0.4495758	0.0020688572	0.03860139	0.0029330761	0.008193762	0.063493595	0.03907741
Lawrence Hunter	0.10731666	0.80791944	0.026149344	0.015034392	0.0017152992	0.0031035806	6.823603e-05	0.010048067	0.00074106967	0.02790385
Russ Altman	0.03805797	0.86808676	0.0043063294	0.04342565	0.00014413733	0.013753397	0.015744697	0.004990225	0.0055452497	0.0059455405
Richard Durbin	0.0103235245	0.114301585	0.013118594	0.8062686	0.0024222173	0.019408746	0.00057243573	0.017412208	0.008412073	0.0077600074
Philip Bourne	0.0010908048	0.96701413	0.00020882145	0.01581541	0.00024753812	0.0011723025	0.00014802406	0.0038967526	0.01013655	0.0002697458
Soren Brunak	0.0075059654	0.022283262	0.06746992	0.6385942	0.008025004	0.12103506	0.0016690664	0.03330732	0.0045837825	0.09552642
Julio Collado-Vides	0.0026531145	0.056552462	0.015758663	0.59924954	0.0026943965	0.31402916	0.0001388601	0.0026376122	0.005164329	0.001121869
Michael Ashburner	0.003966904	0.9546914	0.0014669779	0.013694364	0.00052911445	0.0019915614	0.011768129	0.0052873343	0.0020697452	0.0045345216
Martin Vingron	0.010477925	0.5669839	0.008191748	0.31047547	0.0022811498	0.02796415	0.0027590771	0.0031747394	0.053405304	0.014286491
Gunnar von Heijne	3.4451957e-06	0.00015481531	0.00018633818	0.9851008	7.1178474e-05	0.000113409056	0.00013779897	0.001178734	0.013051746	1.7955754e-06
Ron Shamir	0.0074606007	0.005830285	0.0016617475	0.00798994	0.00014920085	0.0030012967	0.95698225	0.012557335	0.0016078808	0.0027594632
Pavel Pevzner	2.360067e-05	0.00036272517	0.00025441637	0.8319845	0.00019823547	1.7503156e-05	2.0211475e-05	0.1669979	3.434506e-05	0.00010651132
Jill Mesirov	0.0071113254	0.060615033	0.010219377	0.20219454	6.0431914e-05	0.010430124	0.0027489269	0.6967834	0.003534192	0.0063025574
Peter Karp	0.044980694	0.51913095	0.0053518103	0.30616075	0.0009154697	0.005286509	0.0064652315	0.026944984	0.08182248	0.0029412408
Bonnie Berger	0.0072938246	0.025451085	0.0032560716	0.78108466	0.00026347858	0.008689069	0.0030184528	0.0012360698	0.1683099	0.0013973172
Steven Salzberg	0.0106893405	0.09633956	0.0040530865	0.23566887	0.0006876094	0.082440145	0.5099294	0.0050439243	0.05060417	0.0045439214
Eugene W Myers	0.0038309866	0.9503728	0.0015979686	0.030918062	0.00042124538	0.006543691	0.00018296321	0.0016518924	0.0022376806	0.0022426713
Ruth Nussinov	0.0001872907	0.0012244054	0.00072701427	0.75071234	8.510044e-05	0.00063330145	0.22528298	0.019692447	0.0013866964	6.850146e-05
Webb Miller	0.040564585	0.72042644	0.035979897	0.031825006	0.0009637819	0.09343741	0.000464307	0.0045054294	0.0006041348	0.07122901
Satoru Miyano	7.7471464e-05	0.00026595197	0.99910116	0.0002825884	5.7080906e-05	6.78e-05	1.3675373e-05	2.6610482e-05	2.3863606e-05	8.374865e-05
Minoru Kanehisa	0.0010960792	0.00066985784	0.9928502	0.0017192326	8.40014e-05	0.00059096597	3.0196645e-05	7.5829485e-05	0.002676497	0.00020710066
David Eisenberg	0.014613887	0.020835616	0.0041502267	0.48309162	0.0004480516	0.0048224186	0.33731037	0.12374971	0.00951227	0.0014658158
Pierre Baldi	0.006352388	0.011449334	0.0014962897	0.9696092	0.00033911335	0.0075362264	0.000115299306	0.0012579304	0.0009679844	0.00087636197
Andrej Sali	0.0006366087	0.003419318	0.0017429759	0.9440622	0.002370509	0.0073416745	0.0039419644	0.033148374	0.00083091133	0.0025054766
Nir Friedman	0.00021129553	0.0011518063	8.2087055e-05	0.001929219	1.1537417e-05	0.00018811482	0.99601954	3.093813e-05	0.0003288399	4.6616206e-05
Robert Gentleman	0.06110873	0.7073644	0.005589717	0.17894714	0.00042925545	0.012768691	0.0065741097	0.005039086	0.01705564	0.0051232604
Ewan Birney	0.0049344897	0.9736786	0.0018978361	0.01120657	7.2335766e-05	0.00061630935	0.0001179617	0.0027882992	0.0009386041	0.00374898
Amos Bairoch	0.009184859	0.007908406	0.0148144225	0.025123384	0.0012836229	0.017152088	0.8852996	0.015802268	0.001402249	0.022029042
Burkhard Rost	0.0068024974	0.020246837	0.0012597356	0.95663285	0.0016435934	0.006606138	6.9529975e-05	0.0051497566	0.00134945	0.00023962221
Michael Levitt	0.0035483753	0.33360785	0.0023283334	0.021222625	0.000262333	0.0010257112	0.6145444	0.00647999	0.014618719	0.0023617267
Desmond Higgins	0.049484	0.9147446	0.004518209	0.013013168	0.00027943277	0.006369721	5.5228455e-05	0.0015114942	0.00038676042	0.009637357
Thomas Lengauer	0.0016051995	0.0045083426	0.0004168849	0.9702461	8.7450186e-05	0.0016188913	0.00010424498	0.00033178786	0.020206848	0.0008742221
Mark Gerstein	0.08696036	0.46201953	0.02380863	0.2961703	0.0012252379	0.010684136	0.06211786	0.006650207	0.031066881	0.019296903
Cyrus Chothia	0.15197423	0.4242144	0.091800235	0.015061367	0.00046442467	0.0060619027	0.00013047295	0.015361284	0.0032424584	0.29168922
Rolf Apweiler	0.00058161473	0.006721956	0.000703923	0.9775153	0.00058868557	0.007961396	0.00085315824	0.0007652542	0.004153376	0.00015544205
Shoshana Wodak	0.017033601	0.010405722	0.014550735	0.08005218	0.00013376448	0.0012670999	0.81113386	0.027522137	0.00295626	0.034944538
Haim Wolfson	0.0298558	0.28724006	0.0026165117	0.03872669	0.0006495622	0.0157369	0.28424558	0.027815295	0.31132102	0.0017925993
Lincoln Stein	0.08172155	0.66173124	0.021989807	0.046080023	0.0019653474	0.041762885	0.0020959666	0.022960754	0.0047818534	0.11491063
Sarah Teichmann	0.010415427	0.102152556	0.015850784	0.5855771	0.014675319	0.011833433	0.066735	0.0028969564	0.18827172	0.0015917429
Anna Tramontano	0.0014775479	0.099160574	0.036821205	0.7220996	0.011552997	0.11345684	0.00074970734	0.002347895	0.010716892	0.0016167616
Aviv Regev	7.393894e-06	9.734971e-06	8.255544e-08	1.4224851e-05	4.555789e-06	2.4485598e-07	0.99995375	4.547242e-06	2.55839e-06	2.9509213e-06
Christine Orengo	0.052476857	0.008207297	0.0027847968	0.76320285	0.006580157	0.06429172	0.0003493139	0.001705972	0.10002006	0.0003809396
Michal Linial	0.009370065	0.0062192446	0.015947578	0.8974463	0.00094791787	0.051435128	0.012110239	0.0018633684	0.0041586575	0.00050158985
Barry Honig	0.011316543	0.772679	0.0064290785	0.17985411	0.0012197756	0.007094708	0.0031568531	0.001404126	0.005365918	0.011479859
Janet Kelso	0.023355974	0.84834	0.0087696565	0.034268394	0.0011957083	0.027182972	0.0008618066	0.010347691	0.0027989252	0.04287886
Dan Gusfield	0.0019483311	0.9370327	0.02911346	0.008450849	0.0008165328	0.013107781	0.0004462497	0.0016634988	0.0038671182	0.0035534473
Helen Berman	0.050926868	0.51465166	0.012529403	0.2238014	0.0012308273	0.018234704	0.042255916	0.04697452	0.07509005	0.014304661
Steven Brenner	0.024224447	0.77801317	0.004010381	0.15181024	0.0009964062	0.015347509	0.004389331	0.0025343997	0.0066244006	0.012049712
Tandy Warnow	0.16464216	0.22261871	0.325839	0.13611667	0.0016882683	0.02338761	0.006456804	0.03754723	0.004122496	0.07758101
Olga Troyanskaya	0.001748782	0.0040533664	0.004269818	0.8821286	0.0013421248	0.071074665	0.0009788924	0.032851048	0.0013827239	0.00016988105
William Noble	0.025835956	0.91540223	0.0060195406	0.017841797	0.00076491025	0.0144630475	0.0008995817	0.0130288275	0.0016310865	0.0041129584
Lior Pachter	0.00048498917	0.0005156463	9.54241e-05	0.03842409	1.04045175e-05	0.00038996778	0.95917624	0.0002389853	0.0005789937	8.518926e-05
Anders Krogh	5.247392e-07	7.139894e-06	3.722206e-08	0.00019785952	3.3538916e-07	4.7648868e-07	1.4921957e-07	4.13782e-07	0.999793	8.176807e-08
Andrea Califano	0.010738585	0.030146778	0.009859807	0.81577605	0.08683046	0.037748322	0.0005571572	0.0046464475	0.003418052	0.00027838393
Alex Bateman	0.028612204	0.80427057	0.0036493395	0.08846196	0.0012806953	0.012036029	0.02088815	0.032417286	0.0015004951	0.006883188
Mike Steel	0.015730813	0.749817	0.0063898577	0.10496861	0.0016194448	0.012318612	0.003302911	0.015397969	0.038313452	0.05214125
Mona Singh	0.0055103027	0.027240595	0.018733418	0.007350179	0.00012819513	0.002079384	0.00012760221	0.009513748	0.002310581	0.927006
Bernard Moret	0.015849119	0.053294837	0.0038559353	0.89882916	0.0010918247	0.012783553	0.002846144	0.0021973315	0.008169818	0.0010823543
William Pearson	0.015936894	0.92406523	0.0070494367	0.011546525	0.0010785895	0.013136621	0.007149566	0.0068988525	0.0009990854	0.012139249
Hanah Margalit	0.0011506072	0.0034435755	0.0015713308	0.0012086283	0.00017314417	0.0007346976	0.9819531	0.0064617735	0.000101371494	0.0032015964
Yves Moreau	0.0016559168	0.0017762717	0.00043499013	0.9897059	0.00027950737	0.0043920693	3.468361e-05	0.0007933712	0.0008610436	6.615043e-05
Terry Gaasterland	0.00020368301	0.0022265052	0.000808937	0.7994727	0.0002466961	0.006186849	4.9767135e-05	0.0004180277	0.1900788	0.00030795016
Patricia Babbit	0.014668012	0.79833144	0.025923552	0.072786294	0.001990435	0.06045288	0.00012788652	0.004721788	0.00145098	0.019546693
Vineet Bafna	0.0039973124	0.0060681542	0.0007425328	0.011168299	5.352018e-06	0.00023756141	0.007689066	0.0026792253	9.5651594e-05	0.9673169
Eleazar Eskin	0.005968057	0.010846062	0.002143142	0.8798995	0.0046763965	0.027553868	0.0055489643	0.019346757	0.041610666	0.0024066172
Shirley Liu	0.0047553377	0.0817647	0.8964574	0.0065281475	0.0004933744	0.0064413915	0.00027784662	0.00059366325	0.0011735922	0.0015145574
Marie-France Sagot	0.015595415	0.0004481031	3.9844017e-05	0.9838288	2.506094e-06	1.9631214e-05	1.9599841e-07	3.0071938e-05	1.9381678e-05	1.6190093e-05
Serafim Batzoglou	0.024325801	0.0040158955	0.000558086	0.108663864	0.84792066	0.0048769964	0.0010692088	0.007182736	0.0012014401	0.00018532443
Judith Blake	0.02904409	0.82360643	0.009104472	0.07724792	0.00086999877	0.022587193	0.013427297	0.0032158813	0.0044139037	0.016482878
Mark Borodovsky	0.0011375741	0.015053209	0.002505167	0.8293225	0.00031843397	0.035649315	0.08577523	0.008793549	0.020990415	0.0004545129
Rita Casadio	0.00046658638	0.0010311919	0.00434375	0.28506526	0.00012016747	0.7034265	4.967054e-05	0.0009906029	0.0016238675	0.0028823914
Paul Flicek	0.004030294	0.36363685	0.0038617935	0.3920847	0.00096154696	0.03281005	0.007320324	0.003642734	0.1779284	0.013723381
Osamu Gotoh	6.0395512e-05	2.6432848e-05	0.99980074	8.441307e-05	1.9899287e-06	2.1579048e-05	7.79695e-08	1.0442127e-06	3.1665331e-06	2.2973272e-07
Rafael Irizarry	0.009073107	0.018791089	0.005883877	0.012215383	0.0017943801	0.92453545	0.012107419	0.007668692	0.0009662367	0.0069642356
Laxmi Parida	0.0001554819	0.002191205	0.0010408545	0.0004579413	6.204986e-06	0.0010063727	2.2110112e-06	0.0012937366	0.00018234435	0.99366367
Katherine S. Pollard	0.01248678	0.8109263	0.0073540667	0.12928131	0.0045332527	0.016456371	0.00071783987	0.006738962	0.0041555725	0.007349432
Ben Raphael	0.13441695	0.14451005	0.027668599	0.16383731	0.0005577969	0.027834613	0.47330475	0.0043594474	0.018442348	0.0050682
Zhiping Weng	7.162552e-05	0.0003636074	0.99814177	0.001011125	2.4240344e-05	0.000159253	2.6071214e-06	1.0398662e-05	9.580707e-05	0.000119590375
Xuegong Zhang	9.563563e-06	4.3748343e-05	0.999696	0.00017116217	2.5000274e-06	2.2678234e-05	1.2397438e-06	2.1028214e-05	1.4284689e-05	1.7896828e-05
Leroy Hood	0.086057834	0.36880922	0.024908544	0.01885709	0.0002580442	0.021233192	0.00012958718	0.016238159	0.0023969754	0.46111137
Harold Morowitz	0.038954645	0.0838471	0.00125014	0.72562593	0.00070995674	0.015984394	0.11629912	0.0009923867	0.013440265	0.0028960956
Bruce Buchanan	0.027023122	0.68622816	0.11550616	0.017366072	0.00022889239	0.0127698835	0.00072505337	0.004741196	0.0008567873	0.1345547
Richard Roberts	0.02865183	0.94304883	0.0025309226	0.016763832	0.0017468879	0.002101563	0.00037820358	0.0019051844	0.0009221282	0.0019505569
John Sulton	0.007178341	0.9709443	0.0017459287	0.005313946	0.00046044562	0.0024929396	1.6061125e-05	0.0017882171	0.0032380736	0.0068218918
Doug Brutlag	0.0036175416	0.97911876	0.00091215735	0.005118611	0.00051353325	0.0020936017	8.650924e-05	0.0010757593	0.005532749	0.0019307765
Russell Doolittle	0.006144144	0.9803359	0.0027703801	0.007336874	0.0002199179	0.00070363795	0.00011660888	0.0010555958	8.9343535e-05	0.0012275749
Robert Waterston	0.020615978	0.9576022	0.0017750148	0.01471158	0.00022945975	0.0007461736	5.796795e-05	0.0011034411	0.0011914545	0.0019667898
Fotis C. Kafatos	0.00042102658	0.0014790583	6.996654e-05	0.00084324	0.99636465	5.587851e-05	6.048725e-06	0.0003208914	0.00040744763	3.1738484e-05
Richard Lathrop	0.045817997	0.40329272	0.05353499	0.24368602	0.011011404	0.007461113	0.0006144414	0.017634455	0.0035131075	0.21343386
Marcie McClure	0.06150134	0.009464187	0.0017021552	0.08833858	0.0008473531	0.83512837	0.00014212026	0.0016894101	0.00020963991	0.0009767611
Hans V. Westerhoff	0.009616288	0.0014088852	0.0010081744	0.651457	0.00032467028	0.007894539	0.00035223458	0.0008519372	0.32602704	0.0010592745
Robert Cedergren	0.00017618896	0.00078071887	0.00044271984	0.0032845205	8.216134e-06	0.00017716995	6.0915036e-06	2.057754e-05	0.99499327	0.000110532914
Manfred Eigen	0.00043140695	0.00012233562	0.00088591373	0.9965167	1.15655e-05	0.00034186695	7.577415e-06	0.0009611419	0.00069988775	2.1520478e-05
Richard M. Karp	0.055846527	0.6072939	0.02998897	0.18945687	0.0029839429	0.009308811	0.014889454	0.049405567	0.01718861	0.02363744
Anthony R. Kerlavage	0.0074461317	0.6262488	0.0014938911	0.35760957	8.928436e-05	0.0010680998	0.0010519812	0.00019545047	0.0019609227	0.00283597
Eugene V. Koonin	0.005963046	0.024045203	0.059930995	0.7671665	0.0009530965	0.09809491	0.0037921902	0.015044977	0.0207619	0.0042472016
Robert J. Lipshutz	0.05010154	0.049280085	0.01738386	0.67803854	0.009097643	0.017012767	0.13611935	0.012786463	0.02624838	0.0039313105
Matthias Mann	0.0016788387	0.005010665	0.00042246975	0.98683167	0.00041853933	0.0015418692	8.716119e-05	0.0003035779	0.0035125127	0.00019262386
Michael J. E. Sternberg	0.024269126	0.18083985	0.013623247	0.1203259	0.0033476597	0.015636668	0.018195115	0.003809565	0.6098272	0.010125649
Gerald M. Edelman	0.021141347	0.15327652	0.009329987	0.6353916	0.0011208259	0.062374767	0.07935013	0.011804178	0.013270941	0.012939761
J. Andrew McCammon	0.028861718	0.9193444	0.006874266	0.008923543	0.0014571556	0.0094097955	0.00090956176	0.00640877	0.0013400788	0.01647068
Eugene Myers	0.02110747	0.8636266	0.0041454053	0.080555774	0.0012215406	0.013723764	0.001089517	0.002902478	0.0042628176	0.007364628
David B. Searls	0.10395007	0.81319773	0.011863571	0.034484603	0.000523268	0.012734632	0.0016642117	0.0008271282	0.008648341	0.01210648
Harold A. Scheraga	0.017789943	0.009595014	0.022344006	0.61645025	0.0003467445	0.27540416	0.0009364248	0.0036118685	0.004160916	0.04936066
Christopher M. Dobson	0.01107112	0.9589831	0.0036941182	0.007910385	0.00121584	0.0037625853	0.00012596438	0.0026456525	0.0051096645	0.005481514
Gunnar von Jeijne	1.3758388e-06	6.0464874e-05	2.9388466e-05	0.9981798	4.096214e-06	4.767301e-06	1.6097103e-05	0.000453654	0.0012496657	8.1543357e-07
Sean Eddy	0.044339135	0.8527909	0.0070073837	0.032132115	0.00039633067	0.0055489936	0.028022619	0.0058071013	0.0025852905	0.021370066
Bernardo Huberman	0.0062566097	0.015387582	0.0019156383	0.28136095	0.0008230513	0.6805565	0.0036169132	0.001751668	0.0026776674	0.0056533995
Chris Burge	0.1252323	0.5996672	0.022409946	0.11254271	0.0020702006	0.0464491	0.0012525335	0.009505017	0.009443391	0.07142751
Stephen Altschul	0.010106442	0.23068245	0.0067036324	0.70754457	0.002836659	0.0035304173	0.011908253	0.012847458	0.0016478122	0.012192259
Ford Doolittle	0.0053480957	0.9681971	0.0015699982	0.02036832	0.00045957873	0.0008417182	0.00013099854	0.00057668117	0.0011588287	0.0013486531
David Baker	0.01154401	0.9370462	0.0035318064	0.028125208	0.00044701665	0.0045486772	0.00570776	0.0030779238	0.002677385	0.0032940297
John Reinitz	0.039071	0.1307406	0.0058903084	0.61546856	0.0009498301	0.022747463	0.0036137216	0.0008319426	0.17019711	0.01048945
Isidore Rigoutsos	0.009252322	0.0015372836	8.453935e-05	0.006988206	0.97975206	0.001301552	5.056049e-05	0.00054734555	0.00047084142	1.5225336e-05
Sydney Brenner	0.18566301	0.16425216	0.003533249	0.61598456	0.00033639534	0.0050793793	0.00022291615	0.0045233327	0.012110842	0.008294086
Yoshihide Hayashizaki	0.0002014903	0.0006063601	0.9973525	0.00020650846	0.00042568473	0.00019438898	5.557477e-06	0.0008048206	0.000114666094	8.804743e-05
W. James Kent	0.008934774	0.98396057	0.0025400533	0.0010950007	0.00016897732	0.0012334904	6.208093e-05	0.0005156506	0.00024575295	0.0012437091
John Mattick	0.016816217	0.9445691	0.0031158682	0.01396695	0.000454734	0.0030608503	0.00053509756	0.0024991368	0.002228691	0.012753342
Uri Alon	8.572523e-05	0.000110515684	9.08955e-05	0.00012018476	2.6116884e-05	3.6369034e-05	0.99742115	0.00023806049	2.8180868e-05	0.0018428875
Eric Green	0.028150447	0.817035	0.004774801	0.07330513	0.00059633236	0.0072245803	0.0008368791	0.0052780122	0.042319674	0.020479051
Denis Noble	0.046986636	0.8648182	0.0020935987	0.063262604	0.001005668	0.0097877	0.00027263456	0.0063611167	0.0032513551	0.0021605263
Svante Paabo	0.0061158305	0.0020129886	0.0036247568	0.22949544	0.0010930541	0.008571614	0.00029261704	0.0013370889	0.7473361	0.00012045775
Howard Cash	0.022178575	0.9039664	0.016982635	0.024100551	0.0006327796	0.005884578	0.00041553372	0.003155258	0.0011243891	0.021559227
Peter J Hunter	0.0015610345	0.9625454	0.0012331412	0.03269325	0.00012734918	0.00021568063	1.463636e-06	0.0004909067	0.00034707208	0.00078465976
Robert Huber	0.0027645344	0.006714489	9.3279865e-05	0.98560023	3.761393e-05	0.00097101316	0.00015917941	7.505562e-05	0.0034515595	0.00013307498
Tom Blundell	0.007639291	0.94403213	0.00025629462	0.016352724	0.00011043801	0.002144166	0.0034707147	0.00030794856	0.025230061	0.000456199
Kurt Wuthrich	0.0032187328	0.008858885	0.19219002	0.7613733	0.00026885222	0.014648189	0.00014637428	0.0028547333	0.013538519	0.0029024468
Mathieu Blanchette	0.0004093568	0.00021914489	9.7094366e-05	0.9984143	6.693718e-06	0.00037031696	2.5420013e-06	3.1201722e-05	0.00038444437	6.4848515e-05
Elana Conti	0.06771835	0.27763823	0.041677706	0.14828034	0.006302839	0.39017257	0.039609604	0.011488623	0.0054020975	0.011709676
Charles DeLisi	0.0131925335	0.11478532	0.009836361	0.8266014	0.003070129	0.009875609	0.0032394833	0.0046803807	0.0046264906	0.0100923125
Eran Segal	0.0008006272	0.0015692025	0.00021606166	0.0025089227	5.009891e-06	0.0009147781	0.99156755	0.00039555682	8.891642e-05	0.0019332949
Stephen Burley	0.018455504	0.94411063	0.006342271	0.010425385	0.0007154331	0.0061371527	0.000110691726	0.0033378021	0.0012186982	0.0091464585
Michael Eisen	0.005924429	0.016128244	0.0010980292	0.7722864	0.00016564185	0.001970337	0.16054545	0.01666449	0.024005605	0.001211388
Anne-Claude Gavin	0.0018756348	0.002012199	0.0014603488	0.9915638	0.00028504207	0.0002848388	3.7037241e-06	0.00089621416	0.0013880274	0.00023020536
Erin O'Shea	0.00012031522	0.99344975	0.0018704216	0.0015862099	7.813576e-05	0.00068422034	6.9483217e-06	0.00022563364	0.0016796902	0.0002986738
Renee Schroeder	0.0075769597	0.004826071	0.79291105	0.14528547	0.00039407125	0.040966976	0.0001213388	0.0009409152	0.0028243277	0.0041527916
Terry Speed	0.0075237383	0.8772467	0.039137874	0.0282274	0.0013833238	0.017714895	0.00048496292	0.004401639	0.0012152469	0.022664223
Claire M. Fraser-Liggett	0.008064415	0.97024024	0.0034910913	0.011825215	0.00035967492	0.0011642787	0.0002482988	0.0013270353	0.00096659805	0.0023131792
David Jaffe	0.01003422	0.16626209	0.0017903879	0.52131647	0.000103735285	0.0151366815	0.23323148	0.019179203	0.02642934	0.006516406
Morag Park	0.0030798006	0.26513404	0.59755105	0.013983085	0.000580046	0.009816119	0.00083015434	0.032661304	0.021357479	0.05500687
Bernhard O. Palsson	2.6506274e-05	0.00033609467	1.9112356e-05	0.0028089248	3.2318716e-05	0.00013829373	5.467555e-07	5.173436e-06	0.99659425	3.870926e-05
Trey Ideker	0.07017433	0.8752887	0.0036459027	0.032936398	0.000143774	0.0042214207	1.3073011e-05	0.0012372069	0.00027237882	0.012066744
Pierre-Henri Gouyon	0.044513665	0.004222981	0.00049746374	0.94718343	0.0014587205	0.00067813357	1.0134496e-05	0.0011117148	0.00021773408	0.000105969084
Daphne Koller	0.020577727	0.00964003	0.0021951646	0.19979395	0.00023688647	0.0066975816	0.74376464	0.0031933961	0.0108381845	0.003062501
Eugenia Maria del Pino Veintimilla	0.00048387496	0.0022800304	0.002483665	0.07781563	0.00018485382	0.91403407	0.00040267117	0.0012241203	0.00047027582	0.0006207777
Thomaso Poggio	0.0011163773	0.00074582704	2.3137278e-05	0.9913167	0.00031549885	0.006078527	8.4914393e-07	1.3296064e-05	0.00035776696	3.201781e-05
Mathias Uhlen	8.3959814e-05	0.00028944502	1.0287496e-05	0.69960314	4.5087154e-06	2.61826e-05	9.055362e-06	8.2025676e-05	0.29983926	5.2059e-05
Susan Lindquist	4.6885454e-08	5.671077e-07	2.696213e-08	1.8277624e-06	1.4144746e-08	1.8260523e-07	5.7505525e-09	1.17585294e-07	0.99999666	6.395834e-07
David Altshuler	0.31627452	0.10306442	0.002976011	0.49916485	0.00051991077	0.008509213	0.05636946	0.0035734344	0.0067121047	0.0028361203
George Church	0.01421127	0.8945657	0.0038790014	0.040822	0.0006649293	0.005032354	6.760732e-05	0.008140419	0.0008120444	0.03180467
Robert Weinberg	0.010107859	0.033877153	0.0029048305	0.71185565	0.0009845342	0.006463381	0.027159777	0.0018226865	0.20405619	0.0007678826
Luis Serrano	0.0006771524	0.004944946	0.0023159757	0.19431007	0.0003257113	0.79602647	8.386077e-05	0.00025314826	0.00040390872	0.0006588296
Ziv Bar-Joseph	0.109259576	0.07994796	0.012524529	0.25226358	0.002213691	0.018753486	0.48302048	0.02615188	0.0029072342	0.01295769
Barbara Wold	0.023387019	0.049008746	0.0013679822	0.9023209	0.00012765579	0.0039587463	0.005640823	0.0021795304	0.010542698	0.0014658654
Goncalo Abecasis	0.016285775	0.004954475	0.0052439845	0.37142968	0.00092479587	0.58999527	0.0001387471	0.0054035415	0.0019373713	0.0036863664
Gil Ast	0.004483658	0.1341728	0.13979076	0.28102505	0.0013488573	0.036814533	0.35531592	0.00477857	0.034238998	0.00803089
Carole Goble	0.098197535	0.3453744	0.0012546935	0.50874734	0.00024838088	0.04195736	7.46709e-05	0.0022648522	0.0015723115	0.0003083874
Isaac (Zak) Kohane	0.4920649	0.11127466	0.086817056	0.16109012	0.0055698063	0.015757207	0.014284043	0.048007406	0.004434919	0.060699943
Dana Pe'er	0.0034195166	0.007879092	0.0026210533	0.020932142	0.0044707456	0.0066427877	0.9432454	0.004407154	0.0049531306	0.0014289565
Robert Langer	0.009062409	0.057646498	0.0008708808	0.9132582	0.0004168247	0.0036866989	0.0018414924	0.0007838506	0.011787124	0.00064599473
Curtis Huttenhower	0.0064288806	0.93807584	0.0011355313	0.03469393	0.00013778252	0.0009545678	0.00016656556	0.00041619575	0.0069879876	0.0110027995
Eileen Furlong	0.025103053	0.8041692	0.08173459	0.04891982	0.0006617669	0.017279355	0.0016087163	0.0039551593	0.0092041455	0.0073641553
Kenneth Wolfe	0.0109338695	0.89951915	0.008407584	0.030478325	0.0013817501	0.0056954813	0.001863208	0.013867904	0.012567326	0.015285373
Debora Marks	0.038229976	0.43698588	0.007304327	0.2538777	0.0005117345	0.23303138	0.00037552023	0.0015580512	0.023287905	0.0048375414
Sandrine Dudoit	0.027136555	0.0005742282	5.155181e-05	0.96465355	4.3032646e-06	0.006471327	2.262795e-05	2.0834339e-05	0.0009746781	9.042941e-05
James Sharpe	0.020820495	0.9470513	0.007170933	0.011650985	0.00029134698	0.0016276954	0.0006255022	0.00715804	0.0006982521	0.0029055853
Christoph Bock	0.03260239	0.008814561	0.0002628413	0.9554607	0.00025378843	0.00060818065	3.733667e-05	0.00021631211	0.00152931	0.0002146132
Cole Trapnell	0.0007487378	0.9871946	0.00011594448	0.009182782	0.00010708437	0.00016193192	2.7265332e-07	6.3631596e-05	0.0003610835	0.002063872
Martha L. Bulyk	0.0027687154	0.00085859396	7.353979e-05	0.99444324	1.2306767e-06	0.00028925584	8.9922986e-07	4.5266384e-05	0.0013500907	0.0001690371
M. Madan Babu	0.004870883	0.010977254	0.016485902	0.0045315675	9.384289e-06	0.0005080131	0.00025129368	0.004781435	0.0018351326	0.9557491
Nikolaus Rajewsky	1.6352173e-05	0.00045819313	0.00031083764	0.9977488	8.631979e-05	9.2503986e-05	2.7781518e-05	0.00057234475	0.0005134334	0.00017344383
Alexis Battle	0.019084776	0.82906103	0.0059132027	0.083288506	0.011587281	0.03018458	0.0009397632	0.008205649	0.00044622127	0.011288979
Christophe Dessimoz	0.0024913843	0.0029334624	0.0011237483	0.98153746	0.0005194229	0.0024984595	0.000318276	0.0030789673	0.004590926	0.0009078477
Xiaole Shirley Liu	0.0005868553	0.004944863	0.9909217	0.0013975621	9.6025644e-05	0.001566475	4.666824e-06	0.00013555844	0.00014978873	0.0001964543
Elaine Mardis	0.111271255	0.6528413	0.015631566	0.08860372	0.041383266	0.019269273	0.013183701	0.04680883	0.0046022045	0.006404872
Jian Peng	0.00028457475	0.009999928	0.9816922	0.0019805562	4.245964e-05	0.0017142425	3.6771205e-05	3.8913808e-05	0.0039244923	0.0002857755
Steven L. Salzberg	0.008093461	0.06672941	0.0068072844	0.19613819	0.00096259505	0.13783978	0.51237524	0.0067531145	0.05988047	0.004420433
David Weininger	0.027809462	0.1640489	0.010138874	0.65020895	0.00050647446	0.02399201	0.0739486	0.0024441385	0.04272186	0.0041807084
Irwin Kuntz	0.041876126	0.033077456	0.024714792	0.66722786	0.03250333	0.017531388	0.005934079	0.027866518	0.09848644	0.050782025
Gregory Petsko	0.0074846013	0.020978985	0.00051472	0.94640946	0.0004609377	0.00075917185	0.00021862646	0.015754517	0.0070279883	0.00039104727
Wah Chiu	0.00043450473	0.0043869973	0.98949665	0.0013086665	2.7655778e-05	0.0011907507	0.001000707	0.0009060694	0.00018647696	0.0010614995
David Botstein	0.06825178	0.12485779	0.0033823787	0.6807241	0.00089847215	0.0042845197	0.09555128	0.0064877165	0.012044508	0.0035174158
Rebecca Eisenberg	0.036824856	0.078140065	0.015523251	0.7264013	0.00053408626	0.07619055	0.02993752	0.015311303	0.014441021	0.0066959634
Marvin Cassman	0.19915919	0.16541794	0.020361053	0.46117693	0.0012706869	0.05897509	0.007373045	0.017712401	0.057535812	0.01101792
Latanya Sweeney	0.33441347	0.27102733	0.0351642	0.067880236	0.0005206927	0.014068554	0.00016061039	0.02763658	0.016893096	0.23223525
Henry Greely	0.014864086	0.93383414	0.005457431	0.014564944	0.00041248926	0.007095169	0.002766396	0.0046334574	0.00078289094	0.015589013
Deborah Nickerson	0.076276846	0.80851924	0.012035262	0.044915874	0.0010623953	0.015744058	0.0024062123	0.007418579	0.009042404	0.022579158
Arti Rai	0.003159489	0.044390645	0.028290961	0.22041935	0.0005044303	0.0064079957	0.011497003	0.0027673012	0.60635906	0.07620373
Eric Meslin	0.045622084	0.22438589	0.049311172	0.20282364	0.0008679569	0.4299976	0.0025930551	0.008841784	0.02884211	0.006714664
Elizabeth Blackburn	0.00084911543	0.98882896	0.0006466664	0.0011972073	0.00048334265	0.0007524705	0.0009649785	0.00016069344	0.0047496296	0.0013668931
Marc Rotenberg	0.026328297	0.012629805	0.00242885	0.50262386	0.0040452355	0.026466789	0.41317847	0.0056553134	0.0062491815	0.00039423094
John Dupre	0.004652278	0.019329712	0.0015955493	0.8886373	0.0002039787	0.0032928814	4.3088887e-05	0.00011295605	0.081257544	0.0008747113
Andrew McCulloch	0.020909421	0.9629729	0.001312754	0.004445869	0.0006490437	0.0029639055	0.000117994095	0.002627731	0.00045590976	0.0035444493
Greg Hampikian	0.002525876	0.01697517	0.0026372708	0.021058248	0.0008657316	0.0002528607	7.0068105e-05	0.9498387	0.00077898195	0.0049970536
Drew Endy	0.24124947	0.09967291	0.07191671	0.5042374	0.0007000873	0.009291825	0.0011673247	0.0059390175	0.06319759	0.0026276156
Stanley Nelson	0.10550414	0.7247609	0.011070217	0.091836564	0.0013473198	0.033482283	0.0006618248	0.004227972	0.006371883	0.020736923
Isaac Kohane	0.66621196	0.055783384	0.019315049	0.1706566	0.0016931598	0.014291622	0.008372379	0.040725116	0.004281693	0.018669019
Vijay Pande	0.00080657506	0.002993101	0.001632592	0.00028510674	3.5946166e-06	8.192873e-05	3.275607e-05	0.00079066865	0.00025594048	0.9931177
Ellen Wright Clayton	0.010338155	0.7319348	0.03583985	0.021230483	0.002389936	0.10178387	0.00010727403	0.018313663	0.0066627874	0.07139918
James Heywood	0.0038727869	0.99316335	0.00025246516	0.0011129054	2.4599305e-05	0.00011019588	5.8073715e-06	0.0006864871	3.8617003e-05	0.00073286705
David Ewing Duncan	0.011818679	0.96745646	0.0013316278	0.0070489515	0.00014338976	0.0013155731	0.00030671371	0.0024861386	0.000405312	0.007687096
Dan Roden	0.021393318	0.8728992	0.008085961	0.030658085	0.0011061551	0.023533128	0.024129864	0.0028172638	0.011432203	0.0039448207
Atul Butte	0.03927058	0.04900457	0.0024650823	0.012286385	5.794488e-05	0.0005948388	2.7703007e-05	0.012327998	0.0045678066	0.87939703
Douglas Fridsma	0.062624626	0.5874631	0.04946153	0.029793018	0.0044726734	0.020343788	0.0043966356	0.016524086	0.21976815	0.0051524285
Lucila Ohno-Machado	0.00330053	0.005768421	0.24714766	0.51373357	0.0010750827	0.20511371	0.001210749	0.016445166	0.0052471603	0.0009579882
Winter Mason	0.16648464	0.121920615	0.061900035	0.25124693	0.0012760235	0.18099812	0.0037597418	0.11817902	0.026286846	0.067948036
Nancy Cox	0.006611831	0.69183904	0.023470325	0.25465024	0.00039567458	0.014094368	0.00014588768	0.002920195	0.0029763244	0.0028962435
David Magnus	0.023517406	0.7731607	0.0380559	0.032628592	0.0014328088	0.0032157595	0.0009942738	0.00096224836	0.12474064	0.0012916671
Neil Risch	0.027539795	0.3671248	0.056220155	0.48488015	0.0005117973	0.025807759	0.0061909445	0.0020575905	0.014287901	0.015379098
Carlos Bustamante	0.00066297996	0.000937023	0.0012235882	0.011089714	0.00036877632	0.9842152	4.630757e-05	0.0003031509	0.00091965025	0.00023366828
Jennifer Wagner	0.11024133	0.15534355	0.009024231	0.62443066	0.00024929093	0.060553316	0.0034499827	0.0013942786	0.008190923	0.027122349
Ifeoma Ajunwa	0.5591566	0.0078104986	0.023620397	0.23564984	5.4693915e-05	0.06583535	0.00014182599	0.0055571627	0.0007333282	0.101440206
Sam Karlin	0.013425695	0.3462179	0.046609	0.10613358	0.0008273638	0.010818143	0.07861523	0.26558462	0.117972754	0.013795672
Martin Karplus	0.0002286056	0.64007455	0.000108206346	0.2979351	0.0001804598	0.00028660594	8.328595e-06	0.00018005478	0.060893543	0.00010453509
Eric Lander	0.029547118	0.27818274	0.011377491	0.56950617	0.0006865085	0.01785538	0.00258541	0.004324809	0.07722047	0.008713909
Robert Lipshutz	0.008398143	0.12865077	0.0028718603	0.74716073	0.0038103228	0.005242821	0.053960226	0.004420255	0.040878683	0.0046061776
Jonathan King	0.030252209	0.8706403	0.006998997	0.0709441	0.00031016156	0.0048784725	0.001100575	0.00079216657	0.0068606175	0.0072224154
Ruben Abagyan	0.3075729	0.008266177	0.0006105208	0.63970286	0.0003919531	0.01826708	0.003990136	0.005928393	0.015138737	0.0001312317
Charles Cantor	0.06721638	0.2644514	0.025905373	0.60527813	0.0004827771	0.013151455	0.0014784621	0.003637948	0.012450696	0.0059473766
David Cox	0.0012170421	0.9750015	0.001667622	0.019384524	4.9363658e-05	0.0014158019	0.00010999894	0.00046994665	0.0004065436	0.00027757516
Ron Davis	0.071918465	0.7205821	0.011974267	0.04404096	0.004006515	0.018534647	0.088428035	0.017070917	0.0045685307	0.018875502
Klaus Gubernator	0.00039737712	0.001736306	0.0013428865	0.9912459	0.00044012765	0.0010525238	7.077179e-05	0.0020785688	0.0010591536	0.00057637296
Joshua Lederberg	0.04910909	0.049948394	0.0029171952	0.5204566	0.00048007423	0.14474891	0.171662	0.0031081142	0.056270134	0.0012993546
David Schwartz	0.037661176	0.025400953	0.0014234883	0.6516785	0.0002526716	0.024349326	0.19836192	0.0020441052	0.057794984	0.001032917
John Yates	0.008849105	0.9691786	0.0040929965	0.0025074864	0.0048404494	0.0014091396	3.044448e-05	0.0023998863	0.00049617136	0.0061956863
Peer Bork	0.0019358675	0.011560597	0.0013200708	0.26093647	0.00022934763	0.0011793467	0.00092651445	0.004140273	0.715429	0.002342544
John Moult	0.02514935	0.9413392	0.000909404	0.01516413	0.0022515676	0.0009374934	2.5745801e-05	0.0023155636	0.010093871	0.0018135833
Pitor Slonimsky	7.68403e-05	0.0016272555	0.00029004176	0.10775569	0.00041518998	0.00037868193	0.88046867	0.008219101	0.000605733	0.00016275689
Ed Southern	0.017180614	0.8301784	0.029631184	0.040836044	0.0015937188	0.023473851	0.00083884783	0.0075849206	0.001308055	0.047374267
Peter Willett	0.018621983	0.8721032	0.0046231677	0.0683517	0.0016913167	0.0071657896	0.0011919128	0.001543683	0.017462198	0.0072450535
John Wooley	0.010591123	0.9715741	0.002897166	0.007609132	0.00048591767	0.0018605398	0.000108048094	0.0014917115	0.0003973086	0.0029849103
Eric Davidson	0.037750162	0.6208995	0.0025242392	0.03445736	0.0012999513	0.021015743	0.00030156467	0.0021625324	0.26245147	0.017137442
Walter Gilbert	0.007694958	0.13372216	0.0055714855	0.5788331	0.0019417012	0.25633067	0.0041777873	0.004489024	0.0031031803	0.0041359738
Takashi Gojobori	0.00010705685	5.483056e-05	0.99808335	0.0014591061	1.3804404e-05	0.0001504483	1.0541975e-05	1.8519326e-05	5.463352e-05	4.7637208e-05
Hans Lehrach	0.00043648467	0.0007076465	0.0024068942	0.96791965	0.00017287332	0.002234584	0.0011171204	0.007620959	0.016801668	0.00058222964
Yvonne Martin	0.017183935	0.22935675	0.012102824	0.52309924	0.004755275	0.048220087	0.0038992877	0.0042005396	0.1455067	0.011675353
Yusuke Nakamura	4.885883e-05	1.2063424e-05	0.9996474	0.00013939347	1.1737759e-06	0.00013710157	2.2492888e-07	4.5373554e-06	5.6553076e-06	3.5379683e-06
Phillip Sharp	0.0065454566	0.95787823	0.0061336597	0.008479139	0.00026519643	0.0038438009	0.0020506782	0.0055159815	0.0021276225	0.007160338
Mark Adams	0.052217446	0.90606225	0.003038028	0.017988138	0.0038658155	0.007022929	0.0006516904	0.0023379598	0.0024276369	0.0043881712
Roger Brent	0.022704696	0.72211254	0.0036268807	0.2042291	0.00053453195	0.017931852	0.0029480823	0.0028865347	0.019608134	0.0034176605
Franz Lang	0.0006135887	0.011017419	0.0054061767	0.96775055	7.497934e-05	0.012484884	0.00015306727	0.00066816155	0.0017751394	5.598026e-05
Klaus Lindpaintner	3.615187e-05	0.0003713388	0.00032669512	0.9966329	1.907986e-05	0.0006024496	7.014471e-06	8.843295e-05	0.0017868063	0.00012919039
Mark Ptashne	6.189469e-05	0.0018243332	1.9352368e-05	0.99779725	2.2141508e-06	2.7316317e-05	1.4323327e-07	3.2355754e-05	5.4327622e-05	0.00018078905
Matthias Wilm	0.0010892088	0.00464533	0.0061628926	0.97854555	0.00034281547	0.004144653	6.50766e-05	0.0003570959	0.004492061	0.00015542019
Ali H. Brivanlou	0.00088552036	0.018300619	0.0008950828	0.016623162	0.013963374	0.0018278827	0.0007296673	0.9439216	0.0025660086	0.0002870071
Evan Eichler	0.00039250113	0.0007918407	0.0001851707	0.9944642	2.334741e-05	0.00087514427	0.00011904073	0.0009380752	0.002170959	3.9680297e-05
"Harold ""Skip"" Garner"	0.06678796	0.70364726	0.021704685	0.030369148	0.004200033	0.015155706	0.0005017631	0.007709918	0.036386892	0.11353667
David Ho	0.019916082	0.1350195	0.6986704	0.05388856	0.0061057196	0.037700217	0.016692055	0.0028456936	0.018707287	0.010454446
Gerry Rubin	0.028878223	0.3892436	0.011627919	0.4167072	0.0007169983	0.017404523	0.07017205	0.0061017233	0.0104153305	0.048732467
J. Craig Venter	0.7417793	0.22065294	0.0017552506	0.028766816	5.479154e-05	0.000837204	0.0005484884	0.0008193394	0.0025821412	0.0022036845
Marc Vidal	0.0032876718	0.024320398	0.0007190999	0.6773075	0.00013163874	0.05927988	0.0023389983	0.001218704	0.22882646	0.0025696207
Edward Trifonov	0.0013206812	0.0071682236	0.0015701076	0.9650091	2.8824343e-05	0.00337246	0.00078193727	0.019572204	0.0007622712	0.00041412338
Christiane Nüsslein-Volhard	0.00015844038	0.0009094033	0.000110746114	0.9985947	4.4987373e-06	0.0001096546	3.034213e-06	6.322164e-05	2.090405e-05	2.5323445e-05
Árpád Furka	1.6097655e-07	3.885256e-06	4.172234e-07	0.9999912	4.943504e-08	2.014976e-07	9.331804e-10	5.137449e-07	3.4817608e-06	2.1801532e-07
Andrew Clark	0.018525781	0.96846	0.0014266466	0.006747471	0.00026564248	0.0017766414	0.00021692319	0.00071478606	0.0011432264	0.00072283007
Arthur Lesk	0.020665476	0.08525749	0.15211019	0.71375865	0.0005800246	0.013340831	0.0028820557	0.00083375437	0.0052321884	0.005339207
Dieter Oesterhelt	0.000105686864	5.6273246e-05	2.418727e-05	0.99937207	4.0982177e-06	0.00013096943	9.0880796e-08	1.531999e-05	0.00028693347	4.389368e-06
Kari Stefansson	0.00033496995	0.0017781724	0.000163849	0.009427182	7.649977e-05	0.0005747189	2.9625611e-05	7.7485936e-05	0.98747337	6.420576e-05
Richard Karp	0.03584097	0.7545608	0.013097721	0.15563765	0.0009445354	0.006197449	0.0050004916	0.014902289	0.006757717	0.007060316
Elizabeth Winzeler	0.01127642	0.41481575	0.009310555	0.46265936	0.00045763672	0.058418423	0.009766136	0.001585488	0.016616857	0.015093475
William McGinnis	0.02461685	0.83373374	0.029062564	0.019580685	0.013994193	0.024381116	0.0012129012	0.01374932	0.0041246465	0.03554397
Martin Nowak	0.0007240225	0.00044525004	2.1280164e-05	0.9979546	1.7836788e-06	0.00014200697	8.774135e-06	7.109357e-05	0.0006176193	1.3528056e-05
Andrew Fire	0.0048030075	0.9677682	0.003675967	0.010897421	0.00040657842	0.0026945332	0.0018897117	0.0052166516	0.0006101946	0.0020377545
Wolfgang Baumeister	0.0028872788	0.0025888658	0.0009229019	0.9889388	0.00012936196	0.0018837623	0.00013738462	0.00040690353	0.0014569454	0.0006477376
James Collins	0.010029573	0.9688654	0.0046650255	0.004546961	0.0007897662	0.004266347	3.6732057e-05	0.0014878727	0.00052123604	0.004791127
Michael Levine	0.045884524	0.62482166	0.005283101	0.051450495	0.0025146487	0.01512847	0.22590177	0.008903317	0.0112456195	0.008866395
Ajay K. Royyuru	0.0006879815	0.0032550767	0.00019429612	8.811438e-05	1.1972616e-05	9.820349e-05	2.9542398e-06	0.0074889045	0.00012893055	0.9880435
Carl Zimmer	0.005685741	0.09203299	0.0035485288	0.82812893	0.0017319698	0.026729522	0.00033093878	0.000495325	0.03306197	0.008254145
Roman A. Zubarev	6.6405584e-05	0.00091045257	0.00025892194	0.9785325	1.415308e-05	0.0001994792	0.00064130285	0.018952046	0.00031668248	0.00010806387
Patrick Brown	0.01581389	0.91426855	0.002902933	0.0403079	0.001562168	0.005791416	0.0010803879	0.0024799157	0.004694379	0.011098445
Abby Dernburg	0.051172554	0.5102412	0.02780197	0.34011698	0.0037803573	0.015475532	0.004560623	0.0040431824	0.0058494923	0.03695817
Jennifer Marshall Graves	0.019585041	0.6605009	0.0570023	0.013452719	0.0011664582	0.11708882	0.00018388427	0.009262327	0.0008367907	0.120920695
Yishi Jin	0.00021546031	0.001441681	0.9914602	0.00030730336	8.279516e-06	0.0008688783	0.0022414213	0.00013959444	0.000252374	0.003064922
Jay Keasling	0.00044184667	0.97734356	0.014966652	0.0032598923	0.0004133004	0.00052905147	5.828139e-06	0.00027969078	0.0008483516	0.0019118546
Harry Noller	0.04214408	0.75738317	0.0108602755	0.13276939	0.0013195713	0.029096294	0.0019597597	0.0022487533	0.006029003	0.016189689
Edison Liu	0.00048842776	0.0042510456	0.98604786	0.0040248362	0.0001965431	0.0038224494	3.2546497e-05	8.842703e-05	0.0008936419	0.00015428038
Sang Yup Lee	6.357284e-05	0.00076056947	0.99561524	0.0026288752	8.296868e-06	0.0006099961	5.5419133e-07	1.1086607e-05	0.00019384378	0.00010781697
Andrei Lupas	0.0064643887	0.0074102883	0.005310533	0.82056457	0.019903108	0.1336944	0.00046684782	0.003443576	0.0015766005	0.0011656642
Howard Cedar	0.059636075	0.049079325	0.116540276	0.105189696	0.0010900558	0.007586751	0.034725092	0.12496145	0.015509329	0.48568198
Vivian Cheung	0.00074688875	0.00990189	0.96194804	0.022239069	1.859444e-05	0.0030121598	0.00017371083	0.00021007548	0.0007844941	0.0009650353
Suzanne Cory	0.016483555	0.92068803	0.0042089866	0.035985544	0.00033470208	0.00989771	0.00018935697	0.0019025544	0.0021531582	0.00815633
Rade Drmanac	0.0009203632	0.0019729936	0.00033285219	0.99293876	0.0002944835	0.0010747655	9.754343e-05	0.0018455047	0.00030492456	0.00021791167
Eran Halperin	3.257417e-05	0.00019719444	1.3848206e-05	0.00062054273	3.4009647e-06	3.2086253e-05	0.9984641	0.00055483106	3.8726113e-05	4.282529e-05
Michael Hammer	0.013267919	0.27805224	0.0020361226	0.5591827	0.00093326694	0.0025764273	0.04636414	0.028787244	0.06057162	0.008228363
Joanna Mountain	0.0056519094	0.934982	0.0011743859	0.040041	0.00028301324	0.008712235	0.0001651822	0.004760983	0.0022316843	0.00199757
Stephen Quake	0.03168842	0.9435415	0.0063300477	0.006649174	0.00043688368	0.002287516	7.7776094e-05	0.0011582163	0.0012828773	0.0065475646
Mostafa Ronaghi	8.031924e-05	0.0037240782	0.00085766555	0.026659185	0.00072180334	0.0019883602	0.00023380865	0.9633926	0.0021260825	0.00021621372
Pardis Sabeti	0.08616568	0.02312337	0.06616568	0.16345331	0.043620184	0.07706148	0.0022266954	0.5136027	0.0073231864	0.01725766
Michael Snyder	0.7982076	0.002062327	0.00013415121	0.19522351	3.4899797e-06	0.00028969062	0.00024298944	0.0007847364	0.0030002703	5.121381e-05
Cecilia Arraiano	0.00031478016	0.002471083	0.0015387771	0.015408999	0.0010671435	0.9721101	2.7114598e-05	0.0012947172	0.0054047643	0.00036242345
David Bartel	0.025039956	0.19016847	0.0022568253	0.5688232	0.0027092702	0.14958605	0.033023715	0.0054796888	0.015327061	0.0075857705
Phil Kapranov	0.006988082	0.020692743	0.059621736	0.77309686	0.016380645	0.002512572	0.04819332	0.048845977	0.020164648	0.0035034572
Norbert Perrimon	0.0013165886	0.011415237	0.00061604136	0.97270954	0.0002764519	0.00928481	0.0005792363	0.0012879291	0.001893982	0.0006202374
Marco Marra	0.00058759726	0.001474908	0.0011481864	0.8622246	0.00023647818	0.13229302	3.7324942e-05	0.000890789	0.0010263914	8.073551e-05
Joe Nadeau	0.0026789652	0.17113596	0.032762356	0.63784146	0.003039559	0.036902186	0.0030387344	0.09121271	0.0034903642	0.017897647
Karen Nelson	0.049672585	0.69529873	0.008110784	0.18056801	0.0007859715	0.016902879	0.0062455973	0.0037810449	0.026838921	0.011795518
Jun Wang	4.0414216e-05	0.0026979835	0.99533147	0.00090257614	9.427019e-06	0.0006357473	3.226144e-06	9.088798e-06	0.00032628875	4.376817e-05
Thomas Gingeras	0.009082685	0.21527196	0.0031172521	0.67551714	0.02955983	0.017073493	0.0006996998	0.0022896745	0.04291659	0.0044716923
Ada Yonath	0.0643938	0.043634336	0.04763756	0.095659524	0.00804109	0.030501725	0.5140088	0.134155	0.019947803	0.042020347
Chung-I Wu	2.9839856e-07	1.2008919e-05	0.9999473	1.9478648e-05	3.8050405e-07	9.837757e-06	8.174841e-08	8.030484e-06	2.6431604e-07	2.2755014e-06
Scott Fraser	0.015851146	0.92579937	0.011413337	0.020666918	0.0007387598	0.007608938	0.0016511076	0.0032234162	0.000837507	0.012209531
Nadia Rosenthal	0.0271321	0.07836943	0.019647226	0.77252495	0.002444498	0.032305647	0.017113024	0.01975689	0.010485493	0.020220816
Xiaoliang Sunney Xie	0.00011634678	0.00090679125	0.9870176	0.0105930865	6.414626e-05	0.0009544098	4.8504967e-06	7.787107e-05	0.00020827894	5.664776e-05
Ian Baldwin	0.003825393	0.98951566	0.00032642102	0.0027080271	9.294114e-05	0.0014768189	0.0003441793	0.00012820447	0.00029604172	0.0012862384
Tom Mitchell	0.008076505	0.9602221	0.00076089485	0.011612197	0.0003159793	0.0033257524	0.00023576144	0.000628023	0.013627862	0.0011948162
Sarah Tishkoff	0.020210048	0.14252663	0.004959172	0.116499804	0.00040615618	0.0038224077	0.67212206	0.0031305978	0.030588971	0.005734251
Magda Konarska	0.0006219708	0.0075343642	0.0036957136	0.9144651	0.0020964048	0.003572845	0.00093795836	0.004102608	0.062644176	0.000328906
Bas van Steensel	0.10547192	0.09114596	0.009159175	0.6429076	0.0015740591	0.004643643	0.0014310746	0.02254038	0.11323179	0.007894418
Waclaw Szybalski	0.020323446	0.28857532	0.09379772	0.55997735	0.0004848217	0.023927223	9.457492e-05	0.0059012705	0.0005906177	0.0063276114
Peter Kim	0.043167584	0.050241906	0.5709538	0.24528565	0.0023104185	0.0113891065	0.0023959628	0.01002402	0.060644068	0.0035875472
Rob Knight	0.009381022	0.94807655	0.008324003	0.013248003	0.0009743572	0.00674361	0.00023369244	0.0035590865	0.00081079436	0.008648783
Leonid Kruglyak	0.00047629225	0.007794877	0.0008385658	0.9779032	0.00013691065	0.0012324096	0.004561319	0.004408072	0.00052506896	0.0021234287
Phil Bradley	0.010938024	0.96294194	0.001337427	0.020316226	7.264231e-05	0.001156126	0.00013622799	0.00071262155	0.0010753764	0.0013134406
Teresa Przytycka	2.8440492e-05	0.0018599225	8.43275e-05	0.98061293	7.0804717e-06	0.016796127	1.2402669e-06	9.9657345e-06	0.0005313984	6.864118e-05
Karen Adelman	0.01355323	0.27185345	0.0049759746	0.17743045	0.0004958667	0.013050548	0.4584977	0.04480005	0.009684759	0.0056579662
Colin Collins	0.006997698	0.9780733	0.0030506067	0.0043452345	0.0004890177	0.0027155243	2.5149031e-05	0.0006710435	0.0003319753	0.0033004133
Joe Gray	0.017564153	0.9361618	0.012548225	0.012149856	0.00033049684	0.012705587	0.00027173499	0.0028152212	0.0016915969	0.0037612556
Michael Schnall-Levin	0.21762128	0.41036442	0.006812778	0.20051415	0.00029390078	0.028375553	0.082677655	0.0014748187	0.040278576	0.011586877
Peter Campbell	0.00082159764	0.9867873	0.0005396548	0.0018250482	0.0008612532	0.0023567616	2.4901776e-05	0.0008250532	0.003658321	0.0023001
Nevan Krogan	0.032603037	0.4395724	0.010457327	0.39312437	0.00066793006	0.010058233	0.010066987	0.025282305	0.07594822	0.0022191985
Francois Spitz	0.45825666	0.0582369	0.014063275	0.42922178	0.0051780976	0.0032876236	0.002119599	0.016689539	0.007632347	0.005314162
Rachel Kolodny	0.027160889	0.024628906	0.012253379	0.639129	6.239235e-05	0.0007180053	0.059089504	0.09045845	0.0020448116	0.14445466
Mihai Pop	3.6546306e-05	0.0005501497	0.0025313909	0.97168016	0.00021244808	7.500739e-05	0.0008890786	0.023108575	0.0008042561	0.00011233054
Franziska Michor	0.00031319048	0.0011742645	0.0015614786	0.98624045	0.00022052269	0.0012798678	0.00027571252	0.00837294	0.0004441922	0.00011742079
Eytan Ruppin	0.002403702	0.032765094	0.0024210045	0.028212328	0.00015427753	0.0025819186	0.9302605	0.00013887434	0.00061791425	0.00044434448
